0.0,2213.5,236.1,860.7,1741.2,1942.3,369.3,337.5,2605.4,2338.4,955.0,1232.3,2448.8,2463.9,2469.5,2153.9,109.2,1533.1,2305.8,1974.7,2396.2,2338.0,1376.4,2323.9,589.9,2234.4,834.6,1239.2,1667.1,1793.5,2120.5,308.0,1747.0,373.1,1243.5,2233.5,337.3,36.1,1588.7,1360.6,1208.3,1387.1,2325.6,1810.0,2048.3,2131.3,2282.9,1990.9,1895.8,2148.3,1752.6,2521.1,18.1,46.9,1328.0,675.8,2212.8,450.6,391.2,1615.4,2200.8,2299.6,675.1,1184.5,2586.8,1870.4,946.1,109.3,1838.5,17.0,2209.7,2366.0,713.0,2462.3,1811.4,1443.9,1280.1,2147.0,2146.7,2266.8,2345.7,390.9,2211.0,1684.0,2052.4,2166.8,1945.0,1490.6,1833.8,2167.8,2636.5,2471.3,2504.2,2581.7,902.8,2252.2,1920.5,1200.3,832.2,209.2
2213.5,0.0,2035.7,1544.9,1006.7,404.3,1845.3,2441.5,1122.2,177.7,2550.5,983.3,938.8,951.3,945.3,80.9,2144.7,1311.4,760.6,959.2,862.8,192.6,852.5,788.5,1928.3,133.6,2531.0,992.3,550.2,617.0,469.3,2416.2,991.3,2403.8,972.0,535.3,2433.4,2182.7,882.3,1072.5,1039.1,847.6,141.7,830.1,897.5,835.6,759.3,804.4,758.5,144.5,1068.1,1051.5,2210.7,2167.3,1211.0,1550.4,1012.9,1780.6,2312.5,683.7,317.9,668.2,2191.7,1067.9,1074.1,1025.8,2343.4,2104.5,720.0,2198.9,24.4,655.7,1512.9,1074.4,479.2,1141.5,1004.6,255.6,91.3,1034.9,1054.9,1824.3,112.3,1110.2,450.0,104.3,533.6,775.3,380.7,535.8,1215.3,973.0,972.5,1143.1,2015.5,389.1,809.8,1127.9,1518.6,2292.4
236.1,2035.7,0.0,627.2,1511.0,1742.8,255.3,413.1,2375.3,2169.9,866.9,1053.1,2222.0,2236.9,2242.7,1980.6,258.7,1297.3,2083.8,1744.8,2171.3,2171.2,1219.6,2100.9,367.8,2066.9,762.8,1088.1,1497.2,1583.8,1911.7,385.5,1517.3,396.9,1064.4,2021.2,406.6,226.5,1368.2,1136.8,1067.2,1233.2,2154.1,1586.3,1820.3,1905.5,2060.7,1766.4,1674.2,1960.9,1520.5,2291.8,222.9,196.8,1096.7,485.4,1981.8,364.9,345.3,1412.9,2000.8,2081.5,520.2,984.2,2357.8,1638.8,806.6,173.4,1620.1,230.8,2030.1,2149.3,582.8,2231.7,1614.4,1213.0,1073.2,1951.4,1973.9,2035.6,2114.6,275.9,2042.1,1451.1,1845.7,1996.5,1735.4,1291.6,1655.0,1955.2,2404.5,2243.7,2277.0,2350.8,701.5,2048.1,1696.3,984.0,603.0,258.3
860.7,1544.9,627.2,0.0,886.1,1197.1,601.8,964.9,1749.6,1702.0,1022.2,641.3,1600.9,1615.4,1621.6,1505.3,852.1,678.8,1472.1,1119.9,1553.7,1708.0,862.2,1487.3,390.0,1605.6,989.3,776.0,1061.4,1011.3,1334.8,945.9,893.1,907.1,650.8,1433.2,954.9,844.9,767.7,531.5,795.3,883.5,1677.8,974.1,1198.0,1286.8,1448.8,1151.2,1066.5,1444.6,893.5,1667.1,848.9,817.6,471.1,349.6,1355.6,639.2,802.1,870.8,1446.6,1478.4,647.6,494.8,1733.3,1012.3,834.5,774.7,1021.3,853.0,1534.1,1549.1,564.6,1605.6,1081.2,587.8,540.6,1411.3,1500.8,1409.1,1488.1,595.5,1577.4,823.9,1275.8,1529.7,1159.7,769.7,1178.3,1367.4,1777.5,1621.3,1655.3,1724.4,524.0,1481.6,1082.1,418.8,73.0,841.8
1741.2,1006.7,1511.0,886.1,0.0,606.7,1437.5,1841.7,864.4,1184.0,1716.1,802.0,717.3,731.4,738.1,1013.6,1720.0,333.7,610.6,233.9,676.3,1199.3,926.2,620.1,1246.6,1122.5,1734.7,978.4,838.4,409.8,599.4,1825.0,15.4,1777.0,798.5,645.7,1831.4,1722.4,258.1,402.0,1042.3,946.1,1145.6,177.5,314.8,411.5,587.4,295.0,264.3,865.2,66.9,781.1,1730.5,1696.6,415.0,1115.9,472.0,1435.0,1667.2,492.1,760.6,641.0,1433.5,692.4,847.2,136.5,1493.9,1648.5,286.7,1732.2,985.6,715.6,1235.0,721.1,584.8,298.3,585.0,773.9,1015.4,526.4,605.2,1424.5,1092.9,108.4,577.8,1051.9,475.1,552.7,795.9,589.4,897.5,736.3,770.8,840.8,1182.7,753.3,239.9,587.0,909.0,1726.2
1942.3,404.3,1742.8,1197.1,606.7,0.0,1583.9,2134.2,945.5,581.9,2177.9,729.8,745.2,761.1,759.4,407.0,1887.5,907.0,546.9,595.4,665.9,595.9,688.2,576.3,1586.7,515.9,2168.1,811.5,424.8,214.0,226.5,2111.2,591.5,2087.7,719.6,355.6,2125.3,1914.6,484.1,691.8,872.8,694.8,545.6,432.6,555.4,526.9,533.8,447.6,374.2,270.0,670.1,858.9,1936.8,1895.4,820.9,1266.6,712.8,1537.7,1989.2,331.1,258.5,480.4,1834.8,759.1,903.1,641.4,1965.4,1835.7,321.9,1929.1,385.0,515.6,1279.7,852.6,133.9,743.0,672.5,214.2,408.9,749.8,793.9,1564.8,486.3,708.1,153.2,445.4,152.2,451.8,271.7,306.1,1026.3,780.1,794.5,951.4,1638.1,316.3,433.1,780.2,1182.2,1992.8
369.3,1845.3,255.3,601.8,1437.5,1583.9,0.0,650.0,2295.2,1969.1,1107.2,866.1,2128.4,2144.1,2148.8,1785.0,303.6,1274.9,1974.5,1667.7,2070.9,1968.7,1007.2,1994.4,508.1,1865.1,1009.8,870.5,1298.0,1445.5,1769.9,620.5,1441.4,646.2,877.2,1886.8,645.1,337.6,1259.4,1042.0,841.4,1018.2,1956.5,1485.6,1734.1,1810.1,1952.1,1667.0,1565.9,1782.8,1458.1,2208.2,368.1,323.9,1036.2,327.9,1908.1,110.5,600.6,1261.0,1842.2,1961.1,735.8,831.7,2272.8,1571.5,1021.4,260.0,1503.0,354.2,1841.9,2024.9,346.5,2154.6,1451.7,1147.8,933.2,1785.5,1777.7,1962.8,2041.0,22.4,1841.8,1394.2,1700.0,1797.6,1596.0,1134.1,1466.1,1821.6,2334.2,2153.2,2184.5,2275.0,854.0,1896.7,1596.4,868.7,551.2,492.8
337.5,2441.5,413.1,964.9,1841.7,2134.2,650.0,0.0,2697.5,2579.2,679.2,1461.4,2559.1,2573.1,2579.8,2388.4,446.7,1585.4,2436.4,2073.7,2515.2,2581.0,1632.5,2450.9,597.7,2476.7,550.8,1501.2,1907.3,1963.9,2291.0,30.2,1850.1,85.7,1472.8,2394.3,11.0,371.7,1731.1,1495.2,1479.8,1646.2,2562.3,1938.7,2156.1,2248.3,2413.0,2114.8,2031.3,2361.5,1840.7,2618.5,326.0,363.4,1429.6,894.3,2303.4,750.8,191.6,1803.2,2390.3,2443.2,522.1,1380.4,2685.0,1960.9,733.1,420.4,1984.9,353.6,2435.0,2513.5,991.6,2552.8,2008.8,1545.4,1461.8,2345.6,2382.1,2355.3,2433.8,672.2,2451.4,1768.1,2228.2,2405.5,2114.7,1686.1,2061.2,2328.3,2716.5,2577.7,2612.4,2669.0,806.6,2432.8,2046.1,1360.7,961.5,157.4
2605.4,1122.2,2375.3,1749.6,864.4,945.5,2295.2,2697.5,0.0,1239.2,2488.9,1559.2,200.3,184.4,186.5,1185.9,2582.4,1121.1,398.6,630.7,279.7,1260.3,1595.5,369.1,2100.0,1251.0,2530.4,1696.2,1366.7,940.9,727.4,2682.3,858.4,2629.4,1551.9,611.7,2687.0,2586.4,1044.3,1253.2,1762.0,1607.4,1198.9,816.3,561.3,495.0,412.3,638.8,750.4,1010.8,857.8,90.8,2594.8,2560.7,1278.8,1969.7,394.5,2284.2,2518.1,1137.7,818.8,473.7,2259.2,1502.1,48.6,738.0,2267.5,2512.0,827.4,2596.3,1099.0,468.1,2063.8,144.8,1048.8,1162.3,1391.4,901.2,1194.5,342.2,263.9,2281.1,1233.9,929.8,794.1,1221.4,829.4,1257.6,1214.4,644.3,95.3,165.7,153.2,44.9,1985.8,738.2,707.6,1429.8,1773.3,2587.3
2338.4,177.7,2169.9,1702.0,1184.0,581.9,1969.1,2579.2,1239.2,0.0,2713.9,1117.8,1066.8,1077.8,1070.8,196.9,2264.5,1488.8,901.3,1129.8,994.6,21.1,964.1,927.5,2081.3,104.3,2690.5,1103.4,672.8,794.1,633.3,2553.2,1168.6,2545.3,1106.5,682.2,2571.5,2306.4,1057.7,1242.5,1143.4,955.6,42.3,1007.2,1064.2,996.3,903.0,975.0,934.0,319.4,1245.1,1175.6,2336.6,2292.7,1383.3,1685.2,1168.2,1898.1,2457.1,850.9,471.7,807.1,2349.5,1217.1,1190.7,1200.3,2509.2,2229.1,897.2,2323.2,198.4,782.9,1630.0,1206.8,651.1,1316.6,1161.6,423.1,201.2,1186.1,1199.1,1947.6,127.8,1287.8,621.9,174.1,710.1,934.2,524.8,692.8,1334.0,1099.6,1094.5,1264.5,2181.6,530.7,983.9,1287.8,1671.9,2427.8
955.0,2550.5,866.9,1022.2,1716.1,2177.9,1107.2,679.2,2488.9,2713.9,0.0,1657.9,2395.3,2406.3,2415.0,2517.2,1051.5,1394.9,2322.8,1921.9,2372.2,2721.3,1872.4,2329.0,687.7,2620.5,129.3,1769.3,2083.5,1973.7,2274.5,697.2,1728.8,605.9,1668.0,2349.1,672.1,979.3,1705.3,1486.1,1773.5,1892.3,2687.2,1861.3,2015.5,2119.4,2300.1,2011.0,1959.7,2439.1,1689.7,2424.8,938.0,957.1,1364.2,1178.9,2116.2,1216.5,563.8,1867.3,2410.3,2357.1,398.4,1517.0,2489.3,1802.2,223.0,988.2,1940.5,966.3,2537.6,2431.6,1367.9,2349.1,2075.3,1460.5,1555.6,2389.6,2513.4,2160.2,2232.6,1124.1,2591.6,1617.3,2228.0,2543.8,2109.7,1780.2,2194.0,2287.1,2482.6,2404.7,2441.5,2452.1,541.4,2429.5,1952.1,1427.0,1066.2,749.2
1232.3,983.3,1053.1,641.3,802.0,729.8,866.1,1461.4,1559.2,1117.8,1657.9,0.0,1370.0,1386.5,1388.7,927.5,1168.4,852.9,1189.9,985.8,1300.5,1119.8,224.7,1214.6,987.6,1015.5,1613.7,190.4,447.0,630.2,934.1,1435.5,797.3,1428.2,11.3,1059.1,1453.7,1202.3,550.1,460.8,247.3,247.5,1101.1,760.6,1020.1,1066.1,1169.7,925.0,810.7,916.7,853.5,1468.4,1228.8,1185.8,584.2,567.8,1211.1,811.2,1342.5,430.8,985.0,1155.4,1270.7,175.5,1526.9,931.0,1475.5,1123.7,731.9,1218.0,978.5,1210.0,550.1,1432.5,595.9,624.9,237.3,923.3,920.9,1264.1,1334.7,845.8,990.0,821.7,860.2,944.0,770.1,303.9,602.7,997.1,1619.0,1400.3,1425.8,1549.8,1163.0,1046.0,860.3,329.2,591.9,1310.5
2448.8,938.8,2222.0,1600.9,717.3,745.2,2128.4,2559.1,200.3,1066.8,2395.3,1370.0,0.0,16.6,20.8,998.7,2420.3,1005.8,198.4,486.8,80.1,1087.8,1398.4,168.9,1963.7,1070.0,2427.4,1501.8,1166.6,746.3,528.3,2542.3,709.0,2494.2,1362.3,416.3,2548.7,2428.2,870.1,1089.3,1567.4,1409.9,1025.5,642.9,403.2,318.4,212.1,461.7,567.8,820.8,722.9,115.6,2439.0,2403.4,1130.7,1801.2,281.6,2111.9,2384.1,944.7,628.5,277.5,2141.0,1322.1,159.9,603.6,2172.4,2352.6,640.8,2439.0,915.1,284.3,1884.3,143.3,849.1,1014.3,1212.2,708.8,1006.9,246.1,194.6,2113.4,1051.1,796.8,594.2,1035.4,630.2,1066.9,1014.5,445.2,284.0,35.4,56.4,209.2,1877.2,550.6,532.2,1259.9,1619.0,2442.3
2463.9,951.3,2236.9,1615.4,731.4,761.1,2144.1,2573.1,184.4,1077.8,2406.3,1386.5,16.6,0.0,10.7,1011.8,2435.7,1017.9,214.2,500.3,95.4,1098.8,1414.9,184.8,1977.5,1082.2,2439.1,1518.4,1182.7,762.8,543.7,2556.4,723.2,2508.0,1378.8,430.6,2562.7,2443.4,886.0,1104.6,1583.9,1426.4,1036.6,658.6,417.5,334.0,228.3,477.5,584.0,834.3,736.1,101.2,2454.1,2418.6,1145.1,1816.9,291.3,2127.8,2397.9,961.2,642.0,291.9,2153.7,1338.3,143.5,616.6,2183.5,2367.8,657.2,2454.1,927.6,296.1,1900.6,136.2,865.3,1028.6,1228.3,722.6,1020.1,253.5,197.9,2129.1,1063.5,809.9,609.8,1048.3,646.6,1083.4,1030.2,460.5,269.3,21.8,40.4,194.7,1889.1,563.5,547.9,1275.6,1633.9,2456.8
2469.5,945.3,2242.7,1621.6,738.1,759.4,2148.8,2579.8,186.5,1070.8,2415.0,1388.7,20.8,10.7,0.0,1006.3,2440.8,1026.1,212.6,507.5,93.6,1091.8,1415.4,183.5,1984.4,1076.0,2447.5,1519.5,1181.5,764.1,540.9,2563.0,729.8,2514.9,1381.0,426.6,2569.5,2448.8,890.3,1109.8,1585.0,1426.7,1029.7,663.2,423.9,338.8,227.6,481.9,587.6,829.2,743.5,106.3,2459.6,2424.0,1151.5,1821.5,300.6,2132.0,2404.8,962.8,636.9,288.0,2161.5,1341.8,144.0,624.2,2192.2,2373.1,660.1,2459.6,921.7,289.8,1904.0,145.7,864.7,1035.1,1231.9,718.0,1014.7,263.5,208.5,2133.7,1057.5,817.4,607.8,1042.7,646.5,1085.4,1028.0,457.8,273.3,29.8,37.1,199.2,1897.4,558.0,552.4,1280.2,1639.7,2463.1
2153.9,80.9,1980.6,1505.3,1013.6,407.0,1785.0,2388.4,1185.9,196.9,2517.2,927.5,998.7,1011.8,1006.3,0.0,2082.9,1307.8,815.2,984.8,921.3,204.5,786.1,843.8,1885.3,110.3,2493.7,926.0,487.1,613.0,508.8,2362.8,998.5,2353.0,916.2,588.4,2380.6,2122.6,870.1,1048.2,970.5,779.8,174.2,839.3,929.2,874.6,812.1,830.9,774.8,181.3,1077.0,1112.6,2151.6,2107.9,1190.7,1495.3,1055.6,1717.7,2263.6,655.8,371.1,724.5,2152.8,1021.7,1138.2,1043.3,2312.8,2044.7,728.5,2139.1,96.3,718.0,1449.6,1131.5,460.1,1127.7,964.8,297.7,10.4,1080.9,1105.5,1763.9,80.1,1114.4,478.5,40.1,548.1,737.4,329.4,581.4,1278.0,1033.3,1034.8,1205.0,1985.3,448.3,829.7,1091.0,1475.8,2238.0
109.2,2144.7,258.7,852.1,1720.0,1887.5,303.6,446.7,2582.4,2264.5,1051.5,1168.4,2420.3,2435.7,2440.8,2082.9,0.0,1530.3,2271.0,1952.5,2364.9,2263.4,1300.6,2290.1,626.6,2160.3,933.7,1162.0,1595.8,1747.3,2072.5,417.2,1724.9,480.1,1179.5,2188.5,446.4,76.0,1554.2,1331.2,1127.4,1310.1,2253.3,1778.5,2022.6,2102.0,2248.3,1960.0,1861.3,2085.0,1735.7,2496.6,121.7,94.4,1310.7,627.1,2192.0,367.1,489.0,1564.1,2145.8,2260.3,750.2,1134.3,2561.8,1851.7,1028.7,85.4,1800.7,93.3,2141.9,2325.0,634.6,2440.3,1755.3,1425.3,1234.2,2088.9,2075.3,2246.4,2325.1,323.1,2137.7,1668.9,2002.9,2094.2,1898.2,1437.5,1766.6,2123.1,2617.4,2444.0,2476.1,2560.4,956.6,2200.1,1889.4,1163.6,815.1,314.0
1533.1,1311.4,1297.3,678.8,333.7,907.0,1274.9,1585.4,1121.1,1488.8,1394.9,852.9,1005.8,1017.9,1026.1,1307.8,1530.3,0.0,928.9,527.1,978.3,1502.5,1035.8,934.3,988.9,1418.1,1422.1,1043.2,1041.3,695.4,929.6,1572.1,348.2,1513.9,853.9,979.4,1574.6,1519.7,448.4,393.3,1098.5,1058.7,1452.5,502.3,620.7,725.0,906.4,624.8,595.7,1174.6,296.8,1047.8,1520.2,1491.5,281.6,979.9,732.6,1296.9,1401.9,701.1,1087.1,968.7,1138.7,694.9,1114.0,407.4,1171.9,1451.7,603.4,1526.6,1291.9,1043.2,1147.7,977.0,854.6,232.4,616.0,1092.4,1308.2,781.1,857.8,1266.2,1388.0,227.4,901.8,1344.1,791.9,703.5,1048.0,922.9,1133.1,1018.3,1054.7,1089.5,871.4,1084.7,573.4,545.3,723.7,1485.7
2305.8,760.6,2083.8,1472.1,610.6,546.9,1974.5,2436.4,398.6,901.3,2322.8,1189.9,198.4,214.2,212.6,815.2,2271.0,928.9,0.0,404.7,119.1,921.9,1206.5,29.9,1846.8,893.7,2344.6,1313.8,968.9,560.8,331.0,2417.9,599.2,2375.4,1181.7,226.9,2426.3,2283.4,717.3,947.1,1378.9,1217.2,859.2,498.4,309.6,204.2,23.4,322.3,410.1,634.8,633.1,313.0,2297.0,2259.8,1009.1,1646.6,296.0,1951.2,2267.3,760.6,444.3,94.3,2043.4,1155.1,356.6,523.1,2100.0,2206.6,472.4,2295.2,736.4,142.7,1715.6,317.9,652.8,895.3,1047.1,520.2,822.8,296.7,298.3,1958.5,872.7,705.6,395.8,853.1,435.9,886.0,816.1,248.0,481.2,233.5,248.3,406.1,1792.5,372.5,390.3,1107.4,1483.2,2312.8
1974.7,959.2,1744.8,1119.9,233.9,595.4,1667.7,2073.7,630.7,1129.8,1921.9,985.8,486.8,500.3,507.5,984.8,1952.5,527.1,404.7,0.0,452.4,1147.7,1075.5,408.1,1477.6,1086.9,1948.0,1148.6,927.3,456.7,500.6,2057.4,227.8,2008.0,980.5,501.4,2063.3,1955.7,439.4,627.2,1214.4,1092.7,1088.7,230.8,95.2,200.8,382.9,154.9,229.2,814.9,236.6,547.2,1964.1,1930.0,648.8,1344.2,240.4,1661.6,1897.7,610.5,668.5,456.0,1655.7,898.5,613.4,119.7,1698.9,1881.6,306.0,1965.7,935.8,528.9,1452.8,487.9,625.6,532.2,788.1,706.7,988.9,295.3,373.3,1654.2,1059.4,310.6,509.2,1024.7,443.6,704.6,838.4,460.3,666.6,504.0,539.2,607.9,1396.2,636.7,165.9,808.6,1142.6,1959.6
2396.2,862.8,2171.3,1553.7,676.3,665.9,2070.9,2515.2,279.7,994.6,2372.2,1300.5,80.1,95.4,93.6,921.3,2364.9,978.3,119.1,452.4,0.0,1015.5,1323.2,90.0,1921.8,994.6,2400.1,1428.6,1087.9,673.8,448.3,2497.7,666.7,2451.9,1292.5,336.9,2504.9,2374.8,811.5,1035.6,1493.9,1334.3,953.0,586.5,362.3,266.9,134.5,405.3,505.8,742.7,688.6,195.5,2386.8,2350.5,1085.6,1743.2,278.7,2051.4,2342.6,873.0,550.6,198.2,2107.3,1258.3,237.6,571.7,2149.2,2298.6,575.1,2386.0,838.9,212.2,1820.2,212.3,771.4,969.9,1149.1,630.0,929.4,257.2,228.2,2055.4,975.1,762.5,514.4,958.3,553.5,996.8,934.8,365.1,364.0,115.4,129.5,289.1,1848.5,473.9,475.8,1202.3,1568.9,2395.5
2338.0,192.6,2171.2,1708.0,1199.3,595.9,1968.7,2581.0,1260.3,21.1,2721.3,1119.8,1087.8,1098.8,1091.8,204.5,2263.4,1502.5,921.9,1147.7,1015.5,0.0,962.8,948.2,2086.2,104.3,2696.8,1101.7,673.9,807.4,652.1,2554.8,1183.9,2547.7,1108.5,702.4,2573.4,2305.9,1069.8,1252.2,1140.8,953.8,62.7,1022.7,1082.8,1015.6,923.5,992.9,950.4,335.8,1260.7,1196.6,2336.4,2292.4,1393.8,1686.8,1188.0,1896.7,2460.2,860.1,491.2,827.7,2355.6,1221.8,1211.8,1217.1,2517.3,2228.7,912.6,2322.8,214.2,803.9,1628.8,1227.7,662.0,1328.4,1167.9,441.1,207.9,1206.2,1219.6,1947.2,130.9,1302.7,639.3,178.4,726.0,941.2,530.0,712.3,1355.1,1120.6,1115.6,1285.6,2189.8,551.0,1000.9,1294.7,1677.1,2429.2
1376.4,852.5,1219.6,862.2,926.2,688.2,1007.2,1632.5,1595.5,964.1,1872.4,224.7,1398.4,1414.9,1415.4,786.1,1300.6,1035.8,1206.5,1075.5,1323.2,962.8,0.0,1233.9,1194.5,859.8,1822.9,140.0,304.2,656.5,911.5,1605.1,918.5,1606.8,216.9,1041.0,1625.5,1343.9,668.4,644.5,190.2,23.7,954.0,844.8,1091.2,1116.9,1188.9,985.7,871.4,815.3,985.5,1505.2,1375.3,1331.1,782.7,743.0,1281.2,934.0,1528.1,468.7,923.3,1155.7,1481.2,396.1,1558.2,1043.2,1694.8,1267.1,788.0,1361.0,852.7,1199.5,666.0,1480.6,561.5,803.5,430.5,849.2,777.9,1331.0,1394.8,985.5,837.6,967.4,836.1,794.9,770.8,374.9,487.9,985.5,1665.1,1431.3,1452.2,1592.5,1385.3,995.5,929.3,543.0,809.1,1477.8
2323.9,788.5,2100.9,1487.3,620.1,576.3,1994.4,2450.9,369.1,927.5,2329.0,1214.6,168.9,184.8,183.5,843.8,2290.1,934.3,29.9,408.1,90.0,948.2,1233.9,0.0,1860.1,921.4,2352.5,1340.3,998.0,586.4,360.8,2432.8,609.3,2389.3,1206.5,255.7,2440.8,2301.8,736.0,964.2,1405.5,1244.8,885.5,514.7,313.7,209.8,45.2,336.2,428.8,663.6,639.7,283.2,2314.8,2277.9,1022.5,1666.5,281.5,1972.4,2280.8,786.0,472.7,120.7,2053.6,1177.2,327.5,527.4,2106.1,2225.1,493.8,2313.3,764.3,159.6,1738.2,288.6,681.4,908.0,1068.7,549.3,851.5,277.4,273.5,1978.6,900.6,712.8,425.5,881.5,463.8,910.8,845.8,277.8,451.4,203.8,219.5,376.3,1800.3,399.9,405.4,1126.6,1499.6,2328.5
589.9,1928.3,367.8,390.0,1246.6,1586.7,508.1,597.7,2100.0,2081.3,687.7,987.6,1963.7,1977.5,1984.4,1885.3,626.6,988.9,1846.8,1477.6,1921.8,2086.2,1194.5,1860.1,0.0,1982.9,628.7,1085.3,1426.8,1401.0,1723.4,583.4,1255.5,530.5,998.3,1819.3,587.1,588.3,1153.2,917.5,1086.9,1213.3,2058.8,1351.5,1561.3,1655.3,1823.4,1524.5,1446.3,1831.8,1243.7,2021.3,573.7,557.9,837.7,493.1,1706.0,602.0,420.8,1259.3,1836.6,1858.7,289.8,864.7,2087.8,1363.9,546.0,541.2,1405.7,588.8,1918.4,1930.5,694.1,1955.2,1469.4,952.3,924.4,1800.9,1880.3,1757.7,1836.2,517.2,1955.3,1170.8,1665.3,1907.9,1548.8,1154.2,1556.5,1753.8,2118.9,1981.6,2016.6,2071.3,347.2,1871.1,1456.9,807.1,409.7,500.3
2234.4,133.6,2066.9,1605.6,1122.5,515.9,1865.1,2476.7,1251.0,104.3,2620.5,1015.5,1070.0,1082.2,1076.0,110.3,2160.3,1418.1,893.7,1086.9,994.6,104.3,859.8,921.4,1982.9,0.0,2594.8,999.1,569.7,723.1,601.5,2450.5,1107.3,2443.4,1004.2,668.7,2469.1,2202.4,980.3,1156.0,1039.2,851.3,103.0,947.5,1027.8,968.2,892.7,932.4,880.8,273.5,1185.4,1182.0,2232.7,2188.8,1299.4,1582.5,1146.1,1793.8,2356.0,763.2,451.5,800.9,2253.2,1118.3,1202.7,1149.1,2417.6,2125.1,836.8,2219.3,158.1,786.2,1525.8,1206.5,569.9,1237.7,1066.0,387.8,110.9,1168.5,1188.4,1843.6,30.2,1223.8,578.2,77.1,654.3,840.4,427.4,669.3,1344.6,1103.9,1102.4,1273.1,2090.4,521.6,934.3,1193.6,1574.0,2324.9
834.6,2531.0,762.8,989.3,1734.7,2168.1,1009.8,550.8,2530.4,2690.5,129.3,1613.7,2427.4,2439.1,2447.5,2493.7,933.7,1422.1,2344.6,1948.0,2400.1,2696.8,1822.9,2352.5,628.7,2594.8,0.0,1713.6,2047.7,1968.5,2277.0,569.4,1746.6,479.1,1624.2,2357.7,543.9,860.3,1703.9,1478.1,1713.3,1841.9,2665.5,1872.0,2040.2,2142.7,2321.6,2028.4,1970.2,2424.8,1713.1,2463.0,818.0,839.3,1365.1,1110.2,2151.0,1120.0,444.7,1850.5,2406.8,2373.7,343.4,1481.7,2528.3,1828.4,278.3,873.9,1945.5,846.6,2519.2,2448.0,1288.0,2388.8,2060.2,1467.2,1528.9,2381.4,2489.4,2196.9,2271.1,1027.9,2566.4,1639.7,2227.0,2518.7,2108.7,1756.7,2167.4,2294.5,2529.0,2438.7,2475.3,2495.1,552.1,2430.6,1967.0,1403.3,1025.9,626.9
1239.2,992.3,1088.1,776.0,978.4,811.5,870.5,1501.2,1696.2,1103.4,1769.3,190.4,1501.8,1518.4,1519.5,926.0,1162.0,1043.2,1313.8,1148.6,1428.6,1101.7,140.0,1340.3,1085.3,999.1,1713.6,0.0,443.2,755.6,1030.9,1473.5,972.5,1478.4,189.5,1159.7,1494.6,1206.4,722.1,650.9,66.2,148.1,1093.7,919.3,1174.1,1209.5,1295.2,1072.9,957.8,952.4,1033.0,1605.4,1238.6,1194.3,773.9,618.2,1365.4,795.1,1403.0,558.8,1053.4,1268.8,1374.3,359.2,1660.9,1103.4,1599.9,1130.1,875.7,1223.7,992.3,1316.5,527.5,1575.9,681.0,814.7,427.4,981.8,917.9,1416.9,1484.3,848.6,977.2,1005.3,955.5,934.7,881.2,445.9,625.2,1101.8,1761.7,1533.7,1556.6,1690.5,1299.2,1123.3,1012.1,515.3,716.6,1345.7
1667.1,550.2,1497.2,1061.4,838.4,424.8,1298.0,1907.3,1366.7,672.8,2083.5,447.0,1166.6,1182.7,1181.5,487.1,1595.8,1041.3,968.9,927.3,1087.9,673.9,304.2,998.0,1426.8,569.7,2047.7,443.2,0.0,471.5,650.7,1881.0,826.7,1875.1,435.8,778.7,1899.7,1635.6,605.0,690.7,493.4,301.9,658.7,708.2,918.1,918.5,954.5,806.5,701.6,512.6,904.5,1278.8,1664.9,1621.1,842.6,1012.9,1097.9,1230.9,1789.4,349.2,634.5,905.1,1704.5,566.7,1325.5,928.1,1890.4,1557.8,621.4,1652.1,549.4,938.8,963.0,1266.4,321.2,819.7,538.3,555.7,479.7,1141.9,1195.9,1276.8,545.1,909.8,578.0,500.1,541.6,346.7,186.3,730.8,1444.8,1201.1,1217.2,1370.2,1568.1,711.6,764.8,669.9,1021.9,1755.3
1793.5,617.0,1583.8,1011.3,409.8,214.0,1445.5,1963.9,940.9,794.1,1973.7,630.2,746.3,762.8,764.1,613.0,1747.3,695.4,560.8,456.7,673.8,807.4,656.5,586.4,1401.0,723.1,1968.5,755.6,471.5,0.0,328.0,1942.2,395.4,1912.7,621.7,441.3,1954.6,1767.9,271.8,490.6,821.2,669.8,758.6,249.1,448.3,461.4,541.2,337.6,230.1,483.9,475.8,850.3,1786.5,1746.7,611.7,1120.5,632.7,1411.2,1810.9,199.8,438.6,526.1,1639.3,614.2,905.3,470.8,1759.2,1689.5,150.8,1781.3,598.3,584.0,1165.3,824.1,177.0,529.8,513.6,417.4,613.7,679.9,740.3,1427.8,693.0,504.9,264.8,649.8,151.7,326.7,391.6,376.2,1008.8,778.1,801.2,936.6,1432.7,470.3,293.3,603.3,1003.9,1827.6
2120.5,469.3,1911.7,1334.8,599.4,226.5,1769.9,2291.0,727.4,633.3,2274.5,934.1,528.3,543.7,540.9,508.8,2072.5,929.6,331.0,500.6,448.3,652.1,911.5,360.8,1723.4,601.5,2277.0,1030.9,650.7,328.0,0.0,2269.5,584.2,2238.8,924.4,129.6,2281.6,2094.5,574.4,807.1,1093.5,919.1,591.5,427.5,431.0,366.7,321.5,347.3,335.0,329.0,651.1,643.6,2113.7,2073.6,912.0,1446.4,546.8,1731.5,2136.1,510.4,168.1,256.3,1953.7,938.2,683.5,583.7,2056.2,2016.0,335.1,2108.1,445.0,289.2,1479.9,646.1,350.3,814.4,840.4,213.8,515.0,573.5,603.8,1751.8,576.4,707.8,75.4,548.5,176.5,639.2,488.3,83.2,812.0,563.6,574.9,736.9,1733.4,156.3,370.3,930.7,1330.1,2155.4
308.0,2416.2,385.5,945.9,1825.0,2111.2,620.5,30.2,2682.3,2553.2,697.2,1435.5,2542.3,2556.4,2563.0,2362.8,417.2,1572.1,2417.9,2057.4,2497.7,2554.8,1605.1,2432.8,583.4,2450.5,569.4,1473.5,1881.0,1942.2,2269.5,0.0,1833.2,93.9,1446.8,2373.6,29.5,342.0,1711.1,1475.5,1451.6,1618.8,2536.6,1920.0,2139.2,2230.8,2394.6,2096.6,2012.2,2337.1,1825.0,2602.7,296.2,333.3,1412.2,868.1,2287.9,721.0,188.3,1780.2,2367.6,2423.8,522.8,1356.4,2669.2,1945.1,742.9,390.2,1964.9,324.0,2409.9,2493.9,962.7,2537.5,1985.3,1528.2,1438.8,2322.2,2356.3,2340.1,2418.7,642.8,2425.3,1752.6,2206.3,2379.5,2093.1,1662.5,2035.8,2307.6,2702.2,2561.2,2595.8,2654.1,803.8,2410.7,2027.8,1339.0,940.8,128.4
1747.0,991.3,1517.3,893.1,15.4,591.5,1441.4,1850.1,858.4,1168.6,1728.8,797.3,709.0,723.2,729.8,998.5,1724.9,348.2,599.2,227.8,666.7,1183.9,918.5,609.3,1255.5,1107.3,1746.6,972.5,826.7,395.4,584.2,1833.2,0.0,1785.8,793.6,631.4,1839.8,1728.0,251.1,403.8,1036.7,938.2,1130.2,162.0,306.0,401.2,576.1,282.3,249.2,849.8,80.6,774.5,1736.4,1702.3,422.2,1119.0,467.1,1437.6,1676.2,481.2,745.3,628.3,1444.4,690.6,840.5,136.7,1506.7,1653.9,271.4,1737.9,970.2,702.9,1235.6,715.6,570.8,305.5,582.5,758.4,1000.3,521.7,600.3,1428.2,1077.7,123.6,562.3,1036.8,459.6,544.4,782.3,574.7,893.1,728.5,762.8,835.5,1194.8,738.2,225.9,588.0,915.0,1733.8
373.1,2403.8,396.9,907.1,1777.0,2087.7,646.2,85.7,2629.4,2545.3,605.9,1428.2,2494.2,2508.0,2514.9,2353.0,480.1,1513.9,2375.4,2008.0,2451.9,2547.7,1606.8,2389.3,530.5,2443.4,479.1,1478.4,1875.1,1912.7,2238.8,93.9,1785.8,0.0,1439.5,2339.7,75.5,404.1,1674.7,1438.5,1460.7,1621.6,2527.1,1878.8,2091.7,2185.3,2352.1,2053.4,1972.5,2319.8,1773.9,2551.3,358.7,389.8,1366.9,864.6,2235.7,751.9,112.4,1756.8,2342.4,2384.8,437.1,1338.6,2617.8,1894.1,649.4,439.4,1928.3,387.6,2396.5,2455.8,979.6,2484.6,1964.1,1482.1,1415.7,2300.1,2346.9,2287.2,2365.5,668.0,2417.6,1700.8,2177.4,2371.2,2062.8,1642.3,2024.6,2273.8,2646.4,2512.0,2547.1,2600.1,723.1,2382.6,1985.3,1310.4,908.8,167.5
1243.5,972.0,1064.4,650.8,798.5,719.6,877.2,1472.8,1551.9,1106.5,1668.0,11.3,1362.3,1378.8,1381.0,916.2,1179.5,853.9,1181.7,980.5,1292.5,1108.5,216.9,1206.5,998.3,1004.2,1624.2,189.5,435.8,621.7,924.4,1446.8,793.6,1439.5,0.0,1049.7,1465.0,1213.5,545.8,461.4,248.1,239.9,1089.8,754.8,1014.0,1059.1,1161.6,918.4,803.9,905.6,850.6,1461.1,1240.0,1197.0,586.6,579.2,1205.1,822.0,1353.7,422.1,974.5,1146.6,1281.1,181.1,1519.4,927.0,1485.2,1134.9,724.7,1229.2,967.2,1201.0,560.6,1425.7,585.7,625.2,238.0,912.6,909.6,1258.0,1328.3,856.9,978.7,819.6,850.5,932.7,761.0,295.8,591.3,987.9,1612.2,1392.7,1418.1,1542.8,1172.1,1035.8,853.9,333.5,601.9,1321.9
2233.5,535.3,2021.2,1433.2,645.7,355.6,1886.8,2394.3,611.7,682.2,2349.1,1059.1,416.3,430.6,426.6,588.4,2188.5,979.4,226.9,501.4,336.9,702.4,1041.0,255.7,1819.3,668.7,2357.7,1159.7,778.7,441.3,129.6,2373.6,631.4,2339.7,1049.7,0.0,2384.7,2208.4,666.1,902.1,1222.6,1048.6,639.9,487.9,416.5,328.3,224.1,361.9,389.7,408.0,688.4,531.8,2226.3,2186.8,994.8,1561.5,488.0,1851.5,2235.3,632.0,217.9,138.8,2040.4,1055.4,566.1,602.5,2128.7,2130.1,414.7,2221.6,510.9,160.1,1602.6,544.2,479.7,890.6,954.4,293.7,596.0,503.8,519.8,1869.1,647.0,752.6,204.8,626.4,291.6,761.2,612.2,66.1,699.8,451.6,458.5,625.3,1809.7,152.1,406.1,1037.6,1432.9,2261.7
337.3,2433.4,406.6,954.9,1831.4,2125.3,645.1,11.0,2687.0,2571.5,672.1,1453.7,2548.7,2562.7,2569.5,2380.6,446.4,1574.6,2426.3,2063.3,2504.9,2573.4,1625.5,2440.8,587.1,2469.1,543.9,1494.6,1899.7,1954.6,2281.6,29.5,1839.8,75.5,1465.0,2384.7,0.0,371.1,1721.3,1485.5,1473.6,1639.4,2554.5,1928.7,2145.8,2238.1,2403.0,2104.7,2021.4,2353.0,1830.3,2608.0,325.2,361.9,1419.3,886.8,2292.9,746.6,180.6,1794.3,2381.3,2433.3,511.4,1371.9,2674.5,1950.4,723.8,418.0,1975.1,353.2,2426.8,2503.7,986.0,2542.2,2000.1,1535.2,1452.8,2336.8,2374.2,2344.8,2423.3,667.3,2443.7,1757.6,2218.9,2397.7,2105.3,1677.5,2053.2,2318.8,2705.8,2567.3,2602.1,2658.4,795.7,2423.6,2036.1,1351.4,951.9,152.4
36.1,2182.7,226.5,844.9,1722.4,1914.6,337.6,371.7,2586.4,2306.4,979.3,1202.3,2428.2,2443.4,2448.8,2122.6,76.0,1519.7,2283.4,1955.7,2374.8,2305.9,1343.9,2301.8,588.3,2202.4,860.3,1206.4,1635.6,1767.9,2094.5,342.0,1728.0,404.1,1213.5,2208.4,371.1,0.0,1566.1,1339.3,1174.8,1354.4,2294.0,1788.3,2028.3,2110.4,2260.6,1969.5,1873.3,2118.6,1735.1,2501.6,45.9,30.4,1310.1,648.7,2194.3,416.2,415.9,1588.5,2173.1,2276.0,688.9,1157.6,2567.2,1852.4,963.6,78.9,1815.2,19.0,2179.1,2341.9,679.7,2443.5,1783.4,1425.8,1254.4,2118.6,2115.2,2248.4,2327.3,358.8,2179.2,1667.0,2026.1,2135.1,1919.3,1463.2,1803.2,2142.7,2618.6,2451.0,2483.7,2563.2,908.3,2225.3,1899.0,1176.9,813.8,238.3
1588.7,882.3,1368.2,767.7,258.1,484.1,1259.4,1731.1,1044.3,1057.7,1705.3,550.1,870.1,886.0,890.3,870.1,1554.2,448.4,717.3,439.4,811.5,1069.8,668.4,736.0,1153.2,980.3,1703.9,722.1,605.0,271.8,574.4,1711.1,251.1,1674.7,545.8,666.1,1721.3,1566.1,0.0,236.2,786.6,688.4,1023.9,228.1,486.3,552.4,694.5,408.5,307.3,753.5,317.5,955.2,1580.0,1542.6,341.3,931.7,672.9,1241.9,1569.6,257.0,705.1,713.9,1379.3,460.9,1018.3,381.6,1489.4,1489.3,253.8,1577.9,864.9,783.0,1020.3,908.4,411.1,259.4,350.1,689.0,869.5,727.3,802.0,1244.0,950.0,308.1,523.3,904.7,404.9,296.1,599.6,600.6,1093.2,896.1,926.4,1028.5,1163.9,726.9,338.2,390.8,771.1,1602.0
1360.6,1072.5,1136.8,531.5,402.0,691.8,1042.0,1495.2,1253.2,1242.5,1486.1,460.8,1089.3,1104.6,1109.8,1048.2,1331.2,393.3,947.1,627.2,1035.6,1252.2,644.5,964.2,917.5,1156.0,1478.1,650.9,690.7,490.6,807.1,1475.5,403.8,1438.5,461.4,902.1,1485.5,1339.3,236.2,0.0,707.6,667.7,1212.3,449.6,692.2,771.2,924.0,630.3,538.1,954.7,435.1,1166.4,1351.2,1314.9,151.9,717.2,867.5,1034.5,1333.4,392.9,929.2,948.4,1149.0,312.9,1231.2,538.4,1274.3,1263.4,489.8,1350.4,1057.8,1018.4,834.1,1112.8,593.5,164.1,223.5,904.0,1045.9,922.4,1000.2,1028.0,1126.1,385.3,751.9,1079.0,634.2,344.2,743.5,836.4,1293.6,1112.9,1145.0,1233.3,946.6,957.2,559.9,186.0,536.7,1367.4
1208.3,1039.1,1067.2,795.3,1042.3,872.8,841.4,1479.8,1762.0,1143.4,1773.5,247.3,1567.4,1583.9,1585.0,970.5,1127.4,1098.5,1378.9,1214.4,1493.9,1140.8,190.2,1405.5,1086.9,1039.2,1713.3,66.2,493.4,821.2,1093.5,1451.6,1036.7,1460.7,248.1,1222.6,1473.6,1174.8,786.6,707.6,0.0,191.9,1135.7,985.2,1240.2,1275.6,1360.4,1139.1,1024.0,1005.3,1096.2,1671.2,1208.5,1164.1,825.9,608.5,1431.5,760.5,1389.2,624.8,1112.0,1333.0,1376.6,408.0,1726.5,1168.1,1610.1,1099.6,941.9,1192.5,1040.1,1379.9,495.4,1641.9,743.3,871.7,484.2,1038.9,962.1,1483.1,1550.4,819.3,1018.4,1067.1,1018.1,977.1,945.7,512.0,678.0,1165.3,1827.8,1599.4,1622.1,1756.4,1315.8,1183.0,1078.3,563.9,732.5,1323.4
1387.1,847.6,1233.2,883.5,946.1,694.8,1018.2,1646.2,1607.4,955.6,1892.3,247.5,1409.9,1426.4,1426.7,779.8,1310.1,1058.7,1217.2,1092.7,1334.3,953.8,23.7,1244.8,1213.3,851.3,1841.9,148.1,301.9,669.8,919.1,1618.8,938.2,1621.6,239.9,1048.6,1639.4,1354.4,688.4,667.7,191.9,0.0,946.5,862.0,1106.9,1130.8,1199.9,1000.7,886.7,814.3,1005.8,1517.3,1386.3,1342.1,806.2,758.5,1296.5,943.2,1543.8,484.4,926.6,1165.0,1500.4,419.5,1569.8,1062.1,1715.6,1277.9,803.2,1371.6,848.4,1207.6,675.6,1493.8,569.8,826.4,454.1,851.4,771.5,1345.9,1409.1,996.4,829.6,988.5,843.9,787.5,781.3,394.0,487.2,994.0,1677.9,1443.0,1463.5,1605.1,1406.9,999.9,945.1,566.7,829.8,1491.2
2325.6,141.7,2154.1,1677.8,1145.6,545.6,1956.5,2562.3,1198.9,42.3,2687.2,1101.1,1025.5,1036.6,1029.7,174.2,2253.3,1452.5,859.2,1088.7,953.0,62.7,954.0,885.5,2058.8,103.0,2665.5,1093.7,658.7,758.6,591.5,2536.6,1130.2,2527.1,1089.8,639.9,2554.5,2294.0,1023.9,1212.3,1135.7,946.5,0.0,968.6,1022.5,954.1,860.8,933.9,894.3,280.5,1206.3,1134.6,2323.5,2279.7,1351.8,1668.9,1125.9,1887.4,2437.8,821.9,429.5,765.1,2325.2,1195.6,1150.4,1160.1,2481.3,2216.3,858.9,2310.6,160.7,741.5,1619.3,1165.2,619.5,1283.1,1137.2,382.0,180.3,1143.7,1157.0,1935.2,118.0,1249.9,581.2,159.1,671.2,908.8,503.5,650.6,1293.6,1058.4,1053.7,1223.8,2153.5,488.4,943.6,1262.3,1649.2,2411.7
1810.0,830.1,1586.3,974.1,177.5,432.6,1485.6,1938.7,816.3,1007.2,1861.3,760.6,642.9,658.6,663.2,839.3,1778.5,502.3,498.4,230.8,586.5,1022.7,844.8,514.7,1351.5,947.5,1872.0,919.3,708.2,249.1,427.5,1920.0,162.0,1878.8,754.8,487.9,1928.7,1788.3,228.1,449.6,985.2,862.0,968.6,0.0,261.0,324.7,475.2,181.5,98.4,688.1,238.1,727.1,1800.7,1764.2,515.8,1158.3,450.9,1469.7,1771.4,381.0,585.5,507.8,1559.3,686.9,790.1,222.2,1640.8,1712.1,110.7,1799.7,808.8,580.5,1247.8,681.3,426.0,406.1,576.0,596.5,841.4,504.4,577.1,1470.5,918.1,284.2,401.3,877.9,297.7,474.3,640.7,427.2,866.7,668.3,699.0,801.1,1322.6,583.1,110.9,617.1,985.0,1814.4
2048.3,897.5,1820.3,1198.0,314.8,555.4,1734.1,2156.1,561.3,1064.2,2015.5,1020.1,403.2,417.5,423.9,929.2,2022.6,620.7,309.6,95.2,362.3,1082.8,1091.2,313.7,1561.3,1027.8,2040.2,1174.1,918.1,448.3,431.0,2139.2,306.0,2091.7,1014.0,416.5,2145.8,2028.3,486.3,692.2,1240.2,1106.9,1022.5,261.0,0.0,105.6,287.8,111.9,220.8,754.4,327.2,474.2,2038.2,2003.2,727.6,1408.4,191.4,1723.2,1981.9,622.5,596.5,362.2,1745.1,946.9,539.2,213.8,1792.6,1953.3,304.2,2038.8,873.6,434.5,1506.4,422.7,605.0,611.2,835.9,642.5,934.1,244.0,316.2,1719.9,1001.3,400.8,450.7,969.3,403.9,728.2,812.1,381.3,607.0,423.5,457.3,543.2,1488.2,557.6,162.2,868.7,1217.3,2039.2
2131.3,835.6,1905.5,1286.8,411.5,526.9,1810.1,2248.3,495.0,996.3,2119.4,1066.1,318.4,334.0,338.8,874.6,2102.0,725.0,204.2,200.8,266.9,1015.6,1116.9,209.8,1655.3,968.2,2142.7,1209.5,918.5,461.4,366.7,2230.8,401.2,2185.3,1059.1,328.3,2238.1,2110.4,552.4,771.2,1275.6,1130.8,954.1,324.7,105.6,0.0,182.2,144.3,255.7,695.6,429.9,404.8,2121.7,2085.8,818.7,1482.9,186.1,1794.3,2076.1,651.3,524.7,258.9,1844.8,1007.7,466.5,318.9,1896.5,2034.6,334.8,2121.3,811.3,330.1,1569.8,366.8,598.4,703.2,897.2,580.4,880.4,224.4,279.1,1795.1,943.1,502.9,401.6,914.5,382.5,766.6,794.4,304.0,553.2,343.6,374.4,483.8,1590.5,476.1,214.3,941.7,1302.7,2128.7
2282.9,759.3,2060.7,1448.8,587.4,533.8,1952.1,2413.0,412.3,903.0,2300.1,1169.7,212.1,228.3,227.6,812.1,2248.3,906.4,23.4,382.9,134.5,923.5,1188.9,45.2,1823.4,892.7,2321.6,1295.2,954.5,541.2,321.5,2394.6,576.1,2352.1,1161.6,224.1,2403.0,2260.6,694.5,924.0,1360.4,1199.9,860.8,475.2,287.8,182.2,0.0,298.9,387.2,631.2,610.4,325.2,2274.0,2236.9,985.7,1624.2,284.0,1929.2,2243.9,740.9,442.0,99.7,2020.2,1133.4,371.5,501.0,2077.4,2183.8,450.4,2272.3,735.0,157.3,1694.2,324.8,637.1,871.9,1025.2,515.8,819.5,288.6,296.3,1936.1,871.1,682.8,383.9,850.3,419.0,865.8,804.0,239.1,492.8,246.7,264.0,417.7,1769.5,372.9,366.9,1084.8,1460.0,2289.6
1990.9,804.4,1766.4,1151.2,295.0,447.6,1667.0,2114.8,638.8,975.0,2011.0,925.0,461.7,477.5,481.9,830.9,1960.0,624.8,322.3,154.9,405.3,992.9,985.7,336.2,1524.5,932.4,2028.4,1072.9,806.5,337.6,347.3,2096.6,282.3,2053.4,918.4,361.9,2104.7,1969.5,408.5,630.3,1139.1,1000.7,933.9,181.5,111.9,144.3,298.9,0.0,115.1,660.1,329.5,548.8,1981.5,1945.2,686.9,1339.7,296.1,1650.3,1945.1,517.3,515.4,346.0,1723.1,863.5,610.8,241.3,1788.9,1893.3,197.8,1980.7,780.9,420.6,1425.5,507.8,493.2,573.2,752.9,551.9,835.3,345.3,411.3,1651.9,905.1,397.5,354.5,871.0,295.5,628.0,701.1,313.7,694.3,487.7,517.9,626.2,1476.7,488.3,70.6,798.4,1164.4,1992.6
1895.8,758.5,1674.2,1066.5,264.3,374.2,1565.9,2031.3,750.4,934.0,1959.7,810.7,567.8,584.0,587.6,774.8,1861.3,595.7,410.1,229.2,505.8,950.4,871.4,428.8,1446.3,880.8,1970.2,957.8,701.6,230.1,335.0,2012.2,249.2,1972.5,803.9,389.7,2021.4,1873.3,307.3,538.1,1024.0,886.7,894.3,98.4,220.8,255.7,387.2,115.1,0.0,614.7,317.6,660.0,1886.9,1849.7,612.3,1238.0,409.8,1545.6,1865.6,402.8,497.3,412.4,1656.9,754.2,720.6,268.5,1739.1,1796.5,83.5,1885.1,736.3,484.4,1316.5,621.8,396.4,503.9,644.3,516.2,778.0,459.9,526.5,1550.2,852.1,372.7,317.2,814.3,226.7,513.0,609.4,329.6,808.3,595.7,624.2,739.4,1421.0,489.3,63.6,697.8,1074.7,1905.3
2148.3,144.5,1960.9,1444.6,865.2,270.0,1782.8,2361.5,1010.8,319.4,2439.1,916.7,820.8,834.3,829.2,181.3,2085.0,1174.6,634.8,814.9,742.7,335.8,815.3,663.6,1831.8,273.5,2424.8,952.4,512.6,483.9,329.0,2337.1,849.8,2319.8,905.6,408.0,2353.0,2118.6,753.5,954.7,1005.3,814.3,280.5,688.1,754.4,695.6,631.2,660.1,614.7,0.0,925.9,935.4,2144.3,2101.6,1088.1,1477.4,875.2,1725.1,2225.1,574.7,192.3,545.0,2088.3,981.4,963.5,881.6,2228.8,2039.9,578.6,2134.2,121.6,542.9,1459.6,951.9,364.6,1012.7,908.2,116.4,188.4,899.8,924.3,1762.5,247.6,969.7,305.7,220.4,390.8,679.0,327.4,400.1,1101.9,855.7,858.7,1028.3,1901.0,273.0,665.5,1025.9,1423.4,2215.4
1752.6,1068.1,1520.5,893.5,66.9,670.1,1458.1,1840.7,857.8,1245.1,1689.7,853.5,722.9,736.1,743.5,1077.0,1735.7,296.8,633.1,236.6,688.6,1260.7,985.5,639.7,1243.7,1185.4,1713.1,1033.0,904.5,475.8,651.1,1825.0,80.6,1773.9,850.6,688.4,1830.3,1735.1,317.5,435.1,1096.2,1005.8,1206.3,238.1,327.2,429.9,610.4,329.5,317.6,925.9,0.0,777.7,1741.4,1708.6,425.1,1140.1,463.3,1460.4,1663.2,557.4,814.8,672.0,1419.1,735.7,844.3,120.2,1466.9,1662.4,348.7,1744.2,1046.7,746.5,1268.8,713.3,651.3,310.6,630.7,832.0,1079.0,516.2,595.1,1445.9,1156.0,74.0,634.1,1115.4,535.1,613.5,862.7,634.9,884.1,739.0,774.6,831.3,1161.0,803.0,283.8,621.0,921.5,1729.5
2521.1,1051.5,2291.8,1667.1,781.1,858.9,2208.2,2618.5,90.8,1175.6,2424.8,1468.4,115.6,101.2,106.3,1112.6,2496.6,1047.8,313.0,547.2,195.5,1196.6,1505.2,283.2,2021.3,1182.0,2463.0,1605.4,1278.8,850.3,643.6,2602.7,774.5,2551.3,1461.1,531.8,2608.0,2501.6,955.2,1166.4,1671.2,1517.3,1134.6,727.1,474.2,404.8,325.2,548.8,660.0,935.4,777.7,0.0,2510.7,2476.2,1196.0,1882.3,316.0,2196.0,2440.3,1046.9,743.1,393.0,2186.4,1412.3,66.6,657.6,2202.7,2426.9,736.7,2511.8,1027.9,395.8,1974.2,79.9,960.1,1079.4,1301.7,823.8,1120.9,266.8,192.2,2193.9,1163.6,850.5,708.6,1148.9,740.2,1166.7,1128.9,560.4,168.5,80.2,81.9,93.6,1916.0,664.3,618.0,1341.9,1689.3,2506.2
18.1,2210.7,222.9,848.9,1730.5,1936.8,368.1,326.0,2594.8,2336.6,938.0,1228.8,2439.0,2454.1,2459.6,2151.6,121.7,1520.2,2297.0,1964.1,2386.8,2336.4,1375.3,2314.8,573.7,2232.7,818.0,1238.6,1664.9,1786.5,2113.7,296.2,1736.4,358.7,1240.0,2226.3,325.2,45.9,1580.0,1351.2,1208.5,1386.3,2323.5,1800.7,2038.2,2121.7,2274.0,1981.5,1886.9,2144.3,1741.4,2510.7,0.0,44.5,1316.9,670.2,2201.9,452.7,374.3,1609.4,2195.3,2291.5,657.0,1178.5,2576.5,1859.3,928.2,109.1,1830.2,29.0,2206.7,2358.1,713.2,2451.5,1806.1,1433.0,1273.3,2142.0,2144.3,2255.9,2334.8,390.0,2209.1,1672.5,2046.0,2164.7,1938.1,1485.0,1830.7,2160.5,2625.4,2461.3,2494.3,2570.9,885.3,2246.1,1911.2,1192.2,821.5,193.7
46.9,2167.3,196.8,817.6,1696.6,1895.4,323.9,363.4,2560.7,2292.7,957.1,1185.8,2403.4,2418.6,2424.0,2107.9,94.4,1491.5,2259.8,1930.0,2350.5,2292.4,1331.1,2277.9,557.9,2188.8,839.3,1194.3,1621.1,1746.7,2073.6,333.3,1702.3,389.8,1197.0,2186.8,361.9,30.4,1542.6,1314.9,1164.1,1342.1,2279.7,1764.2,2003.2,2085.8,2236.9,1945.2,1849.7,2101.6,1708.6,2476.2,44.5,0.0,1283.8,628.9,2168.3,408.3,394.7,1568.5,2153.9,2253.2,661.1,1137.6,2541.8,1826.2,937.2,64.6,1792.2,35.6,2163.4,2319.5,668.7,2417.7,1764.5,1399.6,1233.3,2100.1,2100.7,2222.4,2301.3,345.7,2165.3,1640.2,2005.6,2121.0,1898.2,1443.8,1787.5,2121.1,2592.4,2426.1,2458.8,2537.2,878.3,2205.3,1874.8,1154.0,787.7,222.5
1328.0,1211.0,1096.7,471.1,415.0,820.9,1036.2,1429.6,1278.8,1383.3,1364.2,584.2,1130.7,1145.1,1151.5,1190.7,1310.7,281.6,1009.1,648.8,1085.6,1393.8,782.7,1022.5,837.7,1299.4,1365.1,773.9,842.6,611.7,912.0,1412.2,422.2,1366.9,586.6,994.8,1419.3,1310.1,341.3,151.9,825.9,806.2,1351.8,515.8,727.6,818.7,985.7,686.9,612.3,1088.1,425.1,1196.0,1316.9,1283.8,0.0,724.3,885.2,1045.0,1258.3,538.6,1046.4,1023.5,1045.7,418.7,1262.2,542.4,1148.1,1237.3,580.9,1319.4,1195.2,1096.3,875.6,1135.0,732.3,116.7,352.7,1029.1,1188.8,939.0,1018.0,1024.9,1269.4,358.6,863.8,1222.6,745.6,496.1,891.9,930.8,1308.6,1150.6,1184.8,1254.1,822.7,1066.1,619.5,265.4,496.4,1311.7
675.8,1550.4,485.4,349.6,1115.9,1266.6,327.9,894.3,1969.7,1685.2,1178.9,567.8,1801.2,1816.9,1821.5,1495.3,627.1,979.9,1646.6,1344.2,1743.2,1686.8,743.0,1666.5,493.1,1582.5,1110.2,618.2,1012.9,1120.5,1446.4,868.1,1119.0,864.6,579.2,1561.5,886.8,648.7,931.7,717.2,608.5,758.5,1668.9,1158.3,1408.4,1482.9,1624.2,1339.7,1238.0,1477.4,1140.1,1882.3,670.2,628.9,724.3,0.0,1584.6,320.8,785.4,939.8,1525.1,1633.8,780.6,508.9,1946.5,1251.1,1035.4,570.0,1175.1,662.9,1544.9,1698.1,223.8,1829.8,1136.0,831.8,607.1,1472.2,1488.7,1639.5,1717.3,312.2,1557.3,1079.0,1377.5,1511.6,1271.6,814.9,1169.7,1496.1,2010.7,1826.3,1857.3,1950.3,779.1,1576.6,1269.1,541.3,280.7,742.7
2212.8,1012.9,1981.8,1355.6,472.0,712.8,1908.1,2303.4,394.5,1168.2,2116.2,1211.1,281.6,291.3,300.6,1055.6,2192.0,732.6,296.0,240.4,278.7,1188.0,1281.2,281.5,1706.0,1146.1,2151.0,1365.4,1097.9,632.7,546.8,2287.9,467.1,2235.7,1205.1,488.0,2292.9,2194.3,672.9,867.5,1431.5,1296.5,1125.9,450.9,191.4,186.1,284.0,296.1,409.8,875.2,463.3,316.0,2201.9,2168.3,885.2,1584.6,0.0,1901.8,2124.6,812.6,697.5,382.8,1871.0,1133.8,382.5,343.6,1893.5,2120.5,493.2,2203.9,988.4,438.7,1690.9,250.1,779.7,768.9,1023.0,759.2,1061.8,54.9,133.2,1894.6,1121.9,535.4,586.4,1095.2,566.8,919.5,979.2,477.1,426.2,288.6,325.4,369.0,1602.4,639.9,353.3,1048.4,1380.7,2192.7
450.6,1780.6,364.9,639.2,1435.0,1537.7,110.5,750.8,2284.2,1898.1,1216.5,811.2,2111.9,2127.8,2132.0,1717.7,367.1,1296.9,1951.2,1661.6,2051.4,1896.7,934.0,1972.4,602.0,1793.8,1120.0,795.1,1230.9,1411.2,1731.5,721.0,1437.6,751.9,822.0,1851.5,746.6,416.2,1241.9,1034.5,760.5,943.2,1887.4,1469.7,1723.2,1794.3,1929.2,1650.3,1545.6,1725.1,1460.4,2196.0,452.7,408.3,1045.0,320.8,1901.8,0.0,710.0,1221.1,1794.7,1932.5,841.5,798.2,2259.6,1570.5,1125.9,343.8,1478.8,434.3,1778.4,1994.0,268.1,2145.5,1404.3,1152.5,904.4,1734.4,1709.9,1956.8,2034.2,92.4,1771.5,1399.7,1660.0,1728.3,1560.0,1092.5,1404.1,1787.1,2327.6,2137.9,2168.2,2266.1,944.1,1852.8,1580.1,854.5,580.1,594.6
391.2,2312.5,345.3,802.1,1667.2,1989.2,600.6,191.6,2518.1,2457.1,563.8,1342.5,2384.1,2397.9,2404.8,2263.6,489.0,1401.9,2267.3,1897.7,2342.6,2460.2,1528.1,2280.8,420.8,2356.0,444.7,1403.0,1789.4,1810.9,2136.1,188.3,1676.2,112.4,1353.7,2235.3,180.6,415.9,1569.6,1333.4,1389.2,1543.8,2437.8,1771.4,1981.9,2076.1,2243.9,1945.1,1865.6,2225.1,1663.2,2440.3,374.3,394.7,1258.3,785.4,2124.6,710.0,0.0,1658.8,2242.8,2278.1,335.4,1245.2,2506.9,1783.4,572.1,431.3,1823.0,402.6,2304.5,2349.5,919.0,2373.3,1867.2,1373.1,1318.6,2202.3,2257.7,2176.0,2254.2,621.2,2329.7,1590.0,2075.7,2283.0,1960.4,1546.5,1934.5,2169.5,2534.6,2401.7,2436.9,2488.6,615.7,2281.2,1877.3,1210.1,807.8,188.2
1615.4,683.7,1412.9,870.8,492.1,331.1,1261.0,1803.2,1137.7,850.9,1867.3,430.8,944.7,961.2,962.8,655.8,1564.1,701.1,760.6,610.5,873.0,860.1,468.7,786.0,1259.3,763.2,1850.5,558.8,349.2,199.8,510.4,1780.2,481.2,1756.8,422.1,632.0,1794.3,1588.5,257.0,392.9,624.8,484.4,821.9,381.0,622.5,651.3,740.9,517.3,402.8,574.7,557.4,1046.9,1609.4,1568.5,538.6,939.8,812.6,1221.1,1658.8,0.0,588.0,724.7,1513.6,430.9,1103.1,591.9,1659.7,1509.7,319.5,1602.6,670.4,780.2,970.6,1017.2,210.4,490.9,341.4,543.5,653.3,862.6,927.6,1242.5,733.4,560.5,439.2,686.2,340.9,129.2,354.8,568.7,1203.0,976.0,999.9,1131.6,1331.8,636.8,460.7,452.2,852.7,1662.0
2200.8,317.9,2000.8,1446.6,760.6,258.5,1842.2,2390.3,818.8,471.7,2410.3,985.0,628.5,642.0,636.9,371.1,2145.8,1087.1,444.3,668.5,550.6,491.2,923.3,472.7,1836.6,451.5,2406.8,1053.4,634.5,438.6,168.1,2367.6,745.3,2342.4,974.5,217.9,2381.3,2173.1,705.1,929.2,1112.0,926.6,429.5,585.5,596.5,524.7,442.0,515.4,497.3,192.3,814.8,743.1,2195.3,2153.9,1046.4,1525.1,697.5,1794.7,2242.8,588.0,0.0,353.4,2077.8,1017.4,771.7,751.3,2194.4,2094.2,485.0,2187.7,293.4,351.4,1535.1,760.4,390.6,956.0,929.0,86.1,379.0,717.7,737.2,1823.0,429.2,868.7,186.1,408.8,302.2,710.3,452.2,221.1,909.6,663.4,666.5,836.0,1869.0,83.9,536.7,1032.7,1435.0,2249.9
2299.6,668.2,2081.5,1478.4,641.0,480.4,1961.1,2443.2,473.7,807.1,2357.1,1155.4,277.5,291.9,288.0,724.5,2260.3,968.7,94.3,456.0,198.2,827.7,1155.7,120.7,1858.7,800.9,2373.7,1268.8,905.1,526.1,256.3,2423.8,628.3,2384.8,1146.6,138.8,2433.3,2276.0,713.9,948.4,1333.0,1165.0,765.1,507.8,362.2,258.9,99.7,346.0,412.4,545.0,672.0,393.0,2291.5,2253.2,1023.5,1633.8,382.8,1932.5,2278.1,724.7,353.4,0.0,2065.7,1134.3,428.6,569.9,2135.0,2198.4,461.4,2288.4,644.0,74.6,1690.5,407.1,595.9,912.8,1028.9,431.8,732.4,388.3,392.6,1944.3,780.4,742.1,327.2,761.9,387.9,852.7,744.6,174.4,561.2,312.8,320.5,486.5,1822.4,279.3,407.1,1099.3,1484.8,2315.7
675.1,2191.7,520.2,647.6,1433.5,1834.8,735.8,522.1,2259.2,2349.5,398.4,1270.7,2141.0,2153.7,2161.5,2152.8,750.2,1138.7,2043.4,1655.7,2107.3,2355.6,1481.2,2053.6,289.8,2253.2,343.4,1374.3,1704.5,1639.3,1953.7,522.8,1444.4,437.1,1281.1,2040.4,511.4,688.9,1379.3,1149.0,1376.6,1500.4,2325.2,1559.3,1745.1,1844.8,2020.2,1723.1,1656.9,2088.3,1419.1,2186.4,657.0,661.1,1045.7,780.6,1871.0,841.5,335.4,1513.6,2077.8,2065.7,0.0,1138.6,2252.6,1537.6,287.3,672.8,1626.0,681.4,2180.4,2139.2,972.9,2115.4,1723.8,1153.3,1188.0,2048.8,2148.4,1919.8,1996.4,750.2,2224.9,1345.2,1900.6,2177.3,1782.6,1416.6,1825.8,1976.1,2267.0,2155.3,2191.4,2226.7,292.2,2105.5,1658.9,1063.9,682.5,503.9
1184.5,1067.9,984.2,494.8,692.4,759.1,831.7,1380.4,1502.1,1217.1,1517.0,175.5,1322.1,1338.3,1341.8,1021.7,1134.3,694.9,1155.1,898.5,1258.3,1221.8,396.1,1177.2,864.7,1118.3,1481.7,359.2,566.7,614.2,938.2,1356.4,690.6,1338.6,181.1,1055.4,1371.9,1157.6,460.9,312.9,408.0,419.5,1195.6,686.9,946.9,1007.7,1133.4,863.5,754.2,981.4,735.7,1412.3,1178.5,1137.6,418.7,508.9,1133.8,798.2,1245.2,430.9,1017.4,1134.3,1138.6,0.0,1474.0,827.2,1326.3,1078.9,683.5,1171.7,1059.5,1196.0,562.3,1368.2,630.3,474.6,110.9,967.4,1016.4,1188.2,1262.8,813.8,1090.8,693.4,868.8,1043.5,764.3,307.5,692.4,990.4,1553.6,1349.8,1378.4,1487.9,1007.5,1067.7,794.5,156.2,456.6,1235.9
2586.8,1074.1,2357.8,1733.3,847.2,903.1,2272.8,2685.0,48.6,1190.7,2489.3,1526.9,159.9,143.5,144.0,1138.2,2561.8,1114.0,356.6,613.4,237.6,1211.8,1558.2,327.5,2087.8,1202.7,2528.3,1660.9,1325.5,905.3,683.5,2669.2,840.5,2617.8,1519.4,566.1,2674.5,2567.2,1018.3,1231.2,1726.5,1569.8,1150.4,790.1,539.2,466.5,371.5,610.8,720.6,963.5,844.3,66.6,2576.5,2541.8,1262.2,1946.5,382.5,2259.6,2506.9,1103.1,771.7,428.6,2252.6,1474.0,0.0,724.1,2267.4,2492.4,795.9,2577.5,1050.9,420.6,2036.2,140.6,1008.6,1145.5,1363.6,854.5,1146.8,332.8,257.2,2258.3,1185.7,917.0,751.2,1173.5,790.1,1224.4,1171.2,600.5,143.8,127.1,108.7,82.9,1981.7,690.8,680.4,1405.8,1755.1,2572.6
1870.4,1025.8,1638.8,1012.3,136.5,641.4,1571.5,1960.9,738.0,1200.3,1802.2,931.0,603.6,616.6,624.2,1043.3,1851.7,407.4,523.1,119.7,571.7,1217.1,1043.2,527.4,1363.9,1149.1,1828.4,1103.4,928.1,470.8,583.7,1945.1,136.7,1894.1,927.0,602.5,1950.4,1852.4,381.6,538.4,1168.1,1062.1,1160.1,222.2,213.8,318.9,501.0,241.3,268.5,881.6,120.2,657.6,1859.3,1826.2,542.4,1251.1,343.6,1570.5,1783.4,591.9,751.3,569.9,1537.6,827.2,724.1,0.0,1579.3,1779.2,325.4,1861.8,1003.2,643.7,1371.5,593.7,647.2,426.7,718.9,779.5,1046.4,396.9,475.9,1558.8,1120.5,193.5,579.5,1082.8,495.2,668.4,862.2,555.0,766.2,619.2,654.9,712.1,1276.8,728.9,216.6,723.5,1038.6,1849.3
946.1,2343.4,806.6,834.5,1493.9,1965.4,1021.4,733.1,2267.5,2509.2,223.0,1475.5,2172.4,2183.5,2192.2,2312.8,1028.7,1171.9,2100.0,1698.9,2149.2,2517.3,1694.8,2106.1,546.0,2417.6,278.3,1599.9,1890.4,1759.2,2056.2,742.9,1506.7,649.4,1485.2,2128.7,723.8,963.6,1489.4,1274.3,1610.1,1715.6,2481.3,1640.8,1792.6,1896.5,2077.4,1788.9,1739.1,2228.8,1466.9,2202.7,928.2,937.2,1148.1,1035.4,1893.5,1125.9,572.1,1659.7,2194.4,2135.0,287.3,1326.3,2267.4,1579.3,0.0,954.3,1721.7,954.2,2329.7,2209.5,1240.1,2127.2,1866.1,1241.8,1356.8,2176.0,2309.5,1937.8,2010.5,1035.3,2388.4,1394.7,2011.1,2340.7,1893.1,1577.8,1992.8,2067.1,2262.4,2182.0,2218.8,2231.0,327.9,2211.6,1730.5,1226.5,885.8,757.4
109.3,2104.5,173.4,774.7,1648.5,1835.7,260.0,420.4,2512.0,2229.1,988.2,1123.7,2352.6,2367.8,2373.1,2044.7,85.4,1451.7,2206.6,1881.6,2298.6,2228.7,1267.1,2225.1,541.2,2125.1,873.9,1130.1,1557.8,1689.5,2016.0,390.2,1653.9,439.4,1134.9,2130.1,418.0,78.9,1489.3,1263.4,1099.6,1277.9,2216.3,1712.1,1953.3,2034.6,2183.8,1893.3,1796.5,2039.9,1662.4,2426.9,109.1,64.6,1237.3,570.0,2120.5,343.8,431.3,1509.7,2094.2,2198.4,672.8,1078.9,2492.4,1779.2,954.3,0.0,1737.8,94.4,2100.8,2264.1,604.2,2369.4,1704.5,1352.5,1175.9,2039.7,2037.4,2174.8,2253.6,281.6,2101.7,1594.8,1947.4,2057.5,1840.8,1384.4,1724.9,2064.5,2545.3,2375.7,2408.1,2489.3,872.5,2146.5,1822.8,1099.6,740.9,272.4
1838.5,720.0,1620.1,1021.3,286.7,321.9,1503.0,1984.9,827.4,897.2,1940.5,731.9,640.8,657.2,660.1,728.5,1800.7,603.4,472.4,306.0,575.1,912.6,788.0,493.8,1405.7,836.8,1945.5,875.7,621.4,150.8,335.1,1964.9,271.4,1928.3,724.7,414.7,1975.1,1815.2,253.8,489.8,941.9,803.2,858.9,110.7,304.2,334.8,450.4,197.8,83.5,578.6,348.7,736.7,1830.2,1792.2,580.9,1175.1,493.2,1478.8,1823.0,319.5,485.0,461.4,1626.0,683.5,795.9,325.4,1721.7,1737.8,0.0,1827.4,698.8,529.6,1245.1,701.6,323.7,480.0,574.9,489.9,730.7,543.1,608.7,1486.7,807.4,391.5,299.0,767.2,189.5,431.9,538.5,350.1,888.0,670.0,697.0,818.2,1399.7,491.2,144.5,638.2,1024.7,1855.4
17.0,2198.9,230.8,853.0,1732.2,1929.1,354.2,353.6,2596.3,2323.2,966.3,1218.0,2439.0,2454.1,2459.6,2139.1,93.3,1526.6,2295.2,1965.7,2386.0,2322.8,1361.0,2313.3,588.8,2219.3,846.6,1223.7,1652.1,1781.3,2108.1,324.0,1737.9,387.6,1229.2,2221.6,353.2,19.0,1577.9,1350.4,1192.5,1371.6,2310.6,1799.7,2038.8,2121.3,2272.3,1980.7,1885.1,2134.2,1744.2,2511.8,29.0,35.6,1319.4,662.9,2203.9,434.3,402.6,1602.6,2187.7,2288.4,681.4,1171.7,2577.5,1861.8,954.2,94.4,1827.4,0.0,2195.2,2354.6,697.3,2453.3,1798.1,1435.2,1267.8,2133.5,2131.8,2258.0,2336.9,375.7,2195.9,1675.8,2039.9,2151.8,1932.8,1477.6,1819.3,2155.9,2628.0,2461.7,2494.4,2572.9,905.1,2239.4,1910.2,1189.2,823.3,222.7
2209.7,24.4,2030.1,1534.1,985.6,385.0,1841.9,2435.0,1099.0,198.4,2537.6,978.5,915.1,927.6,921.7,96.3,2141.9,1291.9,736.4,935.8,838.9,214.2,852.7,764.3,1918.4,158.1,2519.2,992.3,549.4,598.3,445.0,2409.9,970.2,2396.5,967.2,510.9,2426.8,2179.1,864.9,1057.8,1040.1,848.4,160.7,808.8,873.6,811.3,735.0,780.9,736.3,121.6,1046.7,1027.9,2206.7,2163.4,1195.2,1544.9,988.4,1778.4,2304.5,670.4,293.4,644.0,2180.4,1059.5,1050.9,1003.2,2329.7,2100.8,698.8,2195.2,0.0,632.2,1511.0,1050.4,464.2,1124.2,994.2,231.5,106.6,1010.5,1030.6,1821.0,136.3,1089.5,426.6,124.8,511.9,764.6,376.0,511.4,1191.9,949.3,949.0,1119.6,2001.8,365.1,787.1,1116.5,1508.8,2286.4
2366.0,655.7,2149.3,1549.1,715.6,515.6,2024.9,2513.5,468.1,782.9,2431.6,1210.0,284.3,296.1,289.8,718.0,2325.0,1043.2,142.7,528.9,212.2,803.9,1199.5,159.6,1930.5,786.2,2448.0,1316.5,938.8,584.0,289.2,2493.9,702.9,2455.8,1201.0,160.1,2503.7,2341.9,783.0,1018.4,1379.9,1207.6,741.5,580.5,434.5,330.1,157.3,420.6,484.4,542.9,746.5,395.8,2358.1,2319.5,1096.3,1698.1,438.7,1994.0,2349.5,780.2,351.4,74.6,2139.2,1196.0,420.6,643.7,2209.5,2264.1,529.6,2354.6,632.2,0.0,1749.2,424.0,638.0,986.1,1091.9,435.2,726.5,437.0,429.6,2007.8,767.9,816.7,363.9,753.8,439.9,909.0,771.0,214.7,560.1,317.8,316.9,487.5,1896.7,270.1,481.1,1166.1,1554.2,2385.0
713.0,1512.9,582.8,564.6,1235.0,1279.7,346.5,991.6,2063.8,1630.0,1367.9,550.1,1884.3,1900.6,1904.0,1449.6,634.6,1147.7,1715.6,1452.8,1820.2,1628.8,666.0,1738.2,694.1,1525.8,1288.0,527.5,963.0,1165.3,1479.9,962.7,1235.6,979.6,560.6,1602.6,986.0,679.7,1020.3,834.1,495.4,675.6,1619.3,1247.8,1506.4,1569.8,1694.2,1425.5,1316.5,1459.6,1268.8,1974.2,713.2,668.7,875.6,223.8,1690.9,268.1,919.0,970.6,1535.1,1690.5,972.9,562.3,2036.2,1371.5,1240.1,604.2,1245.1,697.3,1511.0,1749.2,0.0,1928.8,1145.9,971.7,672.6,1472.5,1441.9,1745.7,1821.4,324.3,1503.4,1214.9,1407.1,1460.1,1311.4,841.4,1137.2,1539.1,2113.4,1912.1,1940.7,2048.8,998.4,1595.8,1356.3,648.3,492.7,834.3
2462.3,1074.4,2231.7,1605.6,721.1,852.6,2154.6,2552.8,144.8,1206.8,2349.1,1432.5,143.3,136.2,145.7,1131.5,2440.3,977.0,317.9,487.9,212.3,1227.7,1480.6,288.6,1955.2,1206.5,2388.8,1575.9,1266.4,824.1,646.1,2537.5,715.6,2484.6,1425.7,544.2,2542.2,2443.5,908.4,1112.8,1641.9,1493.8,1165.2,681.3,422.7,366.8,324.8,507.8,621.8,951.9,713.3,79.9,2451.5,2417.7,1135.0,1829.8,250.1,2145.5,2373.3,1017.2,760.4,407.1,2115.4,1368.2,140.6,593.7,2127.2,2369.4,701.6,2453.3,1050.4,424.0,1928.8,0.0,945.6,1018.6,1257.3,837.8,1139.4,197.5,119.3,2140.7,1186.7,785.1,706.1,1168.9,724.9,1133.4,1124.2,563.9,186.5,116.3,139.7,120.5,1843.0,685.3,574.7,1291.1,1630.1,2442.7
1811.4,479.2,1614.4,1081.2,584.8,133.9,1451.7,2008.8,1048.8,651.1,2075.3,595.9,849.1,865.3,864.7,460.1,1755.3,854.6,652.8,625.6,771.4,662.0,561.5,681.4,1469.4,569.9,2060.2,681.0,321.2,177.0,350.3,1985.3,570.8,1964.1,585.7,479.7,2000.1,1783.4,411.1,593.5,743.3,569.8,619.5,426.0,605.0,598.4,637.1,493.2,396.4,364.6,651.3,960.1,1806.1,1764.5,732.3,1136.0,779.7,1404.3,1867.2,210.4,390.6,595.9,1723.8,630.3,1008.6,647.2,1866.1,1704.5,323.7,1798.1,464.2,638.0,1145.9,945.6,0.0,667.7,548.6,337.1,459.1,822.4,875.0,1432.4,539.7,676.3,274.9,493.9,220.7,323.0,215.0,424.3,1125.0,883.1,900.9,1050.7,1538.2,450.2,459.9,662.5,1062.2,1865.8
1443.9,1141.5,1213.0,587.8,298.3,743.0,1147.8,1545.4,1162.3,1316.6,1460.5,624.9,1014.3,1028.6,1035.1,1127.7,1425.3,232.4,895.3,532.2,969.9,1328.4,803.5,908.0,952.3,1237.7,1467.2,814.7,819.7,529.8,814.4,1528.2,305.5,1482.1,625.2,890.6,1535.2,1425.8,259.4,164.1,871.7,826.4,1283.1,406.1,611.2,703.2,871.9,573.2,503.9,1012.7,310.6,1079.4,1433.0,1399.6,116.7,831.8,768.9,1152.5,1373.1,490.9,956.0,912.8,1153.3,474.6,1145.5,426.7,1241.8,1352.5,480.0,1435.2,1124.2,986.1,971.7,1018.6,667.7,0.0,387.6,945.4,1126.8,822.9,901.8,1135.9,1207.4,247.2,771.1,1161.7,653.8,476.6,845.0,827.6,1192.9,1034.0,1068.3,1137.9,919.9,970.0,506.9,335.1,612.0,1428.3
1280.1,1004.6,1073.2,540.6,585.0,672.5,933.2,1461.8,1391.4,1161.6,1555.6,237.3,1212.2,1228.3,1231.9,964.8,1234.2,616.0,1047.1,788.1,1149.1,1167.9,430.5,1068.7,924.4,1066.0,1528.9,427.4,538.3,513.6,840.4,1438.8,582.5,1415.7,238.0,954.4,1452.8,1254.4,350.1,223.5,484.2,454.1,1137.2,576.0,835.9,897.2,1025.2,752.9,644.3,908.2,630.7,1301.7,1273.3,1233.3,352.7,607.1,1023.0,904.4,1318.6,341.4,929.0,1028.9,1188.0,110.9,1363.6,718.9,1356.8,1175.9,574.9,1267.8,994.2,1091.9,672.6,1257.3,548.6,387.6,0.0,884.4,960.5,1077.4,1151.9,915.9,1037.5,592.4,773.0,989.8,664.9,229.8,638.9,889.0,1442.6,1239.7,1268.5,1377.1,1032.2,974.9,683.8,131.7,515.3,1320.9
2147.0,255.6,1951.4,1411.3,773.9,214.2,1785.5,2345.6,901.2,423.1,2389.6,923.3,708.8,722.6,718.0,297.7,2088.9,1092.4,520.2,706.7,630.0,441.1,849.2,549.3,1800.9,387.8,2381.4,981.8,555.7,417.4,213.8,2322.2,758.4,2300.1,912.6,293.7,2336.8,2118.6,689.0,904.0,1038.9,851.4,382.0,596.5,642.5,580.4,515.8,551.9,516.2,116.4,832.0,823.8,2142.0,2100.1,1029.1,1472.2,759.2,1734.4,2202.3,543.5,86.1,431.8,2048.8,967.4,854.5,779.5,2176.0,2039.7,489.9,2133.5,231.5,435.2,1472.5,837.8,337.1,945.4,884.4,0.0,304.6,783.4,808.1,1765.9,362.9,880.5,200.0,336.9,300.6,660.1,371.3,283.7,991.2,743.8,748.5,917.1,1849.1,170.0,562.9,994.1,1395.8,2202.9
2146.7,91.3,1973.9,1500.8,1015.4,408.9,1777.7,2382.1,1194.5,201.2,2513.4,920.9,1006.9,1020.1,1014.7,10.4,2075.3,1308.2,822.8,988.9,929.4,207.9,777.9,851.5,1880.3,110.9,2489.4,917.9,479.7,613.7,515.0,2356.3,1000.3,2346.9,909.6,596.0,2374.2,2115.2,869.5,1045.9,962.1,771.5,180.3,841.4,934.1,880.4,819.5,835.3,778.0,188.4,1079.0,1120.9,2144.3,2100.7,1188.8,1488.7,1061.8,1709.9,2257.7,653.3,379.0,732.4,2148.4,1016.4,1146.8,1046.4,2309.5,2037.4,730.7,2131.8,106.6,726.5,1441.9,1139.4,459.1,1126.8,960.5,304.6,0.0,1087.5,1112.7,1756.5,80.7,1115.8,483.4,36.5,551.2,733.4,324.0,588.1,1286.5,1041.6,1043.3,1213.4,1982.1,456.7,833.2,1086.9,1470.8,2231.5
2266.8,1034.9,2035.6,1409.1,526.4,749.8,1962.8,2355.3,342.2,1186.1,2160.2,1264.1,246.1,253.5,263.5,1080.9,2246.4,781.1,296.7,295.3,257.2,1206.2,1331.0,277.4,1757.7,1168.5,2196.9,1416.9,1141.9,679.9,573.5,2340.1,521.7,2287.2,1258.0,503.8,2344.8,2248.4,727.3,922.4,1483.1,1345.9,1143.7,504.4,244.0,224.4,288.6,345.3,459.9,899.8,516.2,266.8,2255.9,2222.4,939.0,1639.5,54.9,1956.8,2176.0,862.6,717.7,388.3,1919.8,1188.2,332.8,396.9,1937.8,2174.8,543.1,2258.0,1010.5,437.0,1745.7,197.5,822.4,822.9,1077.4,783.4,1087.5,0.0,79.0,1949.4,1145.1,587.7,618.1,1120.2,606.7,971.2,1018.4,499.8,371.4,247.8,284.5,315.2,1649.4,655.7,404.9,1103.3,1434.7,2245.5
2345.7,1054.9,2114.6,1488.1,605.2,793.9,2041.0,2433.8,263.9,1199.1,2232.6,1334.7,194.6,197.9,208.5,1105.5,2325.1,857.8,298.3,373.3,228.2,1219.6,1394.8,273.5,1836.2,1188.4,2271.1,1484.3,1195.9,740.3,603.8,2418.7,600.3,2365.5,1328.3,519.8,2423.3,2327.3,802.0,1000.2,1550.4,1409.1,1157.0,577.1,316.2,279.1,296.3,411.3,526.5,924.3,595.1,192.2,2334.8,2301.3,1018.0,1717.3,133.2,2034.2,2254.2,927.6,737.2,392.6,1996.4,1262.8,257.2,475.9,2010.5,2253.6,608.7,2336.9,1030.6,429.6,1821.4,119.3,875.0,901.8,1151.9,808.1,1112.7,79.0,0.0,2027.5,1166.4,666.5,655.2,1144.3,656.2,1039.3,1064.8,525.6,293.4,187.3,222.4,236.2,1724.6,669.2,474.4,1180.3,1513.7,2324.4
390.9,1824.3,275.9,595.5,1424.5,1564.8,22.4,672.2,2281.1,1947.6,1124.1,845.8,2113.4,2129.1,2133.7,1763.9,323.1,1266.2,1958.5,1654.2,2055.4,1947.2,985.5,1978.6,517.2,1843.6,1027.9,848.6,1276.8,1427.8,1751.8,642.8,1428.2,668.0,856.9,1869.1,667.3,358.8,1244.0,1028.0,819.3,996.4,1935.2,1470.5,1719.9,1795.1,1936.1,1651.9,1550.2,1762.5,1445.9,2193.9,390.0,345.7,1024.9,312.2,1894.6,92.4,621.2,1242.5,1823.0,1944.3,750.2,813.8,2258.3,1558.8,1035.3,281.6,1486.7,375.7,1821.0,2007.8,324.3,2140.7,1432.4,1135.9,915.9,1765.9,1756.5,1949.4,2027.5,0.0,1820.4,1382.6,1681.6,1776.3,1578.1,1115.4,1445.4,1803.9,2320.8,2138.4,2169.5,2261.2,862.0,1877.9,1581.3,853.5,543.0,515.0
2211.0,112.3,2042.1,1577.4,1092.9,486.3,1841.8,2451.4,1233.9,127.8,2591.6,990.0,1051.1,1063.5,1057.5,80.1,2137.7,1388.0,872.7,1059.4,975.1,130.9,837.6,900.6,1955.3,30.2,2566.4,977.2,545.1,693.0,576.4,2425.3,1077.7,2417.6,978.7,647.0,2443.7,2179.2,950.0,1126.1,1018.4,829.6,118.0,918.1,1001.3,943.1,871.1,905.1,852.1,247.6,1156.0,1163.6,2209.1,2165.3,1269.4,1557.3,1121.9,1771.5,2329.7,733.4,429.2,780.4,2224.9,1090.8,1185.7,1120.5,2388.4,2101.7,807.4,2195.9,136.3,767.9,1503.4,1186.7,539.7,1207.4,1037.5,362.9,80.7,1145.1,1166.4,1820.4,0.0,1194.0,551.2,47.7,625.5,811.4,399.2,645.5,1327.2,1085.2,1084.5,1255.2,2061.1,501.4,906.1,1164.7,1546.2,2300.0
1684.0,1110.2,1451.1,823.9,108.4,708.1,1394.2,1768.1,929.8,1287.8,1617.3,821.7,796.8,809.9,817.4,1114.4,1668.9,227.4,705.6,310.6,762.5,1302.7,967.4,712.8,1170.8,1223.8,1639.7,1005.3,909.8,504.9,707.8,1752.6,123.6,1700.8,819.6,752.6,1757.6,1667.0,308.1,385.3,1067.1,988.5,1249.9,284.2,400.8,502.9,682.8,397.5,372.7,969.7,74.0,850.5,1672.5,1640.2,358.6,1079.0,535.4,1399.7,1590.0,560.5,868.7,742.1,1345.2,693.4,917.0,193.5,1394.7,1594.8,391.5,1675.8,1089.5,816.7,1214.9,785.1,676.3,247.2,592.4,880.5,1115.8,587.7,666.5,1382.6,1194.0,0.0,685.3,1152.1,580.8,601.4,883.1,697.0,953.9,812.7,848.3,902.5,1087.6,861.6,346.5,569.9,854.0,1657.9
2052.4,450.0,1845.7,1275.8,577.8,153.2,1700.0,2228.2,794.1,621.9,2228.0,860.2,594.2,609.8,607.8,478.5,2002.9,901.8,395.8,509.2,514.4,639.3,836.1,425.5,1665.3,578.2,2227.0,955.5,578.0,264.8,75.4,2206.3,562.3,2177.4,850.5,204.8,2218.9,2026.1,523.3,751.9,1018.1,843.9,581.2,401.3,450.7,401.6,383.9,354.5,317.2,305.7,634.1,708.6,2046.0,2005.6,863.8,1377.5,586.4,1660.0,2075.7,439.2,186.1,327.2,1900.6,868.8,751.2,579.5,2011.1,1947.4,299.0,2039.9,426.6,363.9,1407.1,706.1,274.9,771.1,773.0,200.0,483.4,618.1,655.2,1681.6,551.2,685.3,0.0,518.6,118.3,567.5,420.4,152.9,876.6,629.2,642.5,801.5,1686.5,205.8,362.9,867.5,1268.6,2091.1
2166.8,104.3,1996.5,1529.7,1051.9,445.4,1797.6,2405.5,1221.4,174.1,2543.8,944.0,1035.4,1048.3,1042.7,40.1,2094.2,1344.1,853.1,1024.7,958.3,178.4,794.9,881.5,1907.9,77.1,2518.7,934.7,500.1,649.8,548.5,2379.5,1036.8,2371.2,932.7,626.4,2397.7,2135.1,904.7,1079.0,977.1,787.5,159.1,877.9,969.3,914.5,850.3,871.0,814.3,220.4,1115.4,1148.9,2164.7,2121.0,1222.6,1511.6,1095.2,1728.3,2283.0,686.2,408.8,761.9,2177.3,1043.5,1173.5,1082.8,2340.7,2057.5,767.2,2151.8,124.8,753.8,1460.1,1168.9,493.9,1161.7,989.8,336.9,36.5,1120.2,1144.3,1776.3,47.7,1152.1,518.6,0.0,587.6,763.7,351.6,620.6,1313.9,1069.9,1070.7,1241.1,2013.4,484.8,869.4,1117.0,1498.7,2254.3
1945.0,533.6,1735.4,1159.7,475.1,152.2,1596.0,2114.7,829.4,710.1,2109.7,770.1,630.2,646.6,646.5,548.1,1898.2,791.9,435.9,443.6,553.5,726.0,770.8,463.8,1548.8,654.3,2108.7,881.2,541.6,151.7,176.5,2093.1,459.6,2062.8,761.0,291.6,2105.3,1919.3,404.9,634.2,945.7,781.3,671.2,297.7,403.9,382.5,419.0,295.5,226.7,390.8,535.1,740.2,1938.1,1898.2,745.6,1271.6,566.8,1560.0,1960.4,340.9,302.2,387.9,1782.6,764.3,790.1,495.2,1893.1,1840.8,189.5,1932.8,511.9,439.9,1311.4,724.9,220.7,653.8,664.9,300.6,551.2,606.7,656.2,1578.1,625.5,580.8,118.3,587.6,0.0,470.1,412.4,227.7,904.6,664.0,683.0,830.4,1568.3,323.0,283.0,754.3,1154.0,1978.9
1490.6,775.3,1291.6,769.7,552.7,451.8,1134.1,1686.1,1257.6,934.2,1780.2,303.9,1066.9,1083.4,1085.4,737.4,1437.5,703.5,886.0,704.6,996.8,941.2,374.9,910.8,1154.2,840.4,1756.7,445.9,346.7,326.7,639.2,1662.5,544.4,1642.3,295.8,761.2,1677.5,1463.2,296.1,344.2,512.0,394.0,908.8,474.3,728.2,766.6,865.8,628.0,513.0,679.0,613.5,1166.7,1485.0,1443.8,496.1,814.9,919.5,1092.5,1546.5,129.2,710.3,852.7,1416.6,307.5,1224.4,668.4,1577.8,1384.4,431.9,1477.6,764.6,909.0,841.4,1133.4,323.0,476.6,229.8,660.1,733.4,971.2,1039.3,1115.4,811.4,601.4,567.5,763.7,470.1,0.0,415.2,697.8,1319.8,1097.6,1122.6,1249.6,1251.2,762.7,566.4,353.6,745.0,1542.8
1833.8,380.7,1655.0,1178.3,795.9,271.7,1466.1,2061.2,1214.4,524.8,2194.0,602.7,1014.5,1030.2,1028.0,329.4,1766.6,1048.0,816.1,838.4,934.8,530.0,487.9,845.8,1556.5,427.4,2167.4,625.2,186.3,391.6,488.3,2035.8,782.3,2024.6,591.3,612.2,2053.2,1803.2,599.6,743.5,678.0,487.2,503.5,640.7,812.1,794.4,804.0,701.1,609.4,327.4,862.7,1128.9,1830.7,1787.5,891.9,1169.7,979.2,1404.1,1934.5,354.8,452.2,744.6,1825.8,692.4,1171.2,862.2,1992.8,1724.9,538.5,1819.3,376.0,771.0,1137.2,1124.2,215.0,845.0,638.9,371.3,324.0,1018.4,1064.8,1445.4,399.2,883.1,420.4,351.6,412.4,415.2,0.0,570.9,1296.8,1049.6,1062.5,1221.7,1666.3,531.6,672.6,767.1,1147.2,1911.8
2167.8,535.8,1955.2,1367.4,589.4,306.1,1821.6,2328.3,644.3,692.8,2287.1,997.1,445.2,460.5,457.8,581.4,2123.1,922.9,248.0,460.3,365.1,712.3,985.5,277.8,1753.8,669.3,2294.5,1101.8,730.8,376.2,83.2,2307.6,574.7,2273.8,987.9,66.1,2318.8,2142.7,600.6,836.4,1165.3,994.0,650.6,427.2,381.3,304.0,239.1,313.7,329.6,400.1,634.9,560.4,2160.5,2121.1,930.8,1496.1,477.1,1787.1,2169.5,568.7,221.1,174.4,1976.1,990.4,600.5,555.0,2067.1,2064.5,350.1,2155.9,511.4,214.7,1539.1,563.9,424.3,827.6,889.0,283.7,588.1,499.8,525.6,1803.9,645.5,697.0,152.9,620.6,227.7,697.8,570.9,0.0,728.9,480.5,491.9,653.8,1747.2,176.6,351.3,971.5,1366.9,2195.6
2636.5,1215.3,2404.5,1777.5,897.5,1026.3,2334.2,2716.5,95.3,1334.0,2482.6,1619.0,284.0,269.3,273.3,1278.0,2617.4,1133.1,481.2,666.6,364.0,1355.1,1665.1,451.4,2118.9,1344.6,2529.0,1761.7,1444.8,1008.8,812.0,2702.2,893.1,2646.4,1612.2,699.8,2705.8,2618.6,1093.2,1293.6,1827.8,1677.9,1293.6,866.7,607.0,553.2,492.8,694.3,808.3,1101.9,884.1,168.5,2625.4,2592.4,1308.6,2010.7,426.2,2327.6,2534.6,1203.0,909.6,561.2,2267.0,1553.6,143.8,766.2,2262.4,2545.3,888.0,2628.0,1191.9,560.1,2113.4,186.5,1125.0,1192.9,1442.6,991.2,1286.5,371.4,293.4,2320.8,1327.2,953.9,876.6,1313.9,904.6,1319.8,1296.8,728.9,0.0,248.7,243.3,75.1,1989.0,829.9,760.9,1473.6,1804.8,2610.5
2471.3,973.0,2243.7,1621.3,736.3,780.1,2153.2,2577.7,165.7,1099.6,2404.7,1400.3,35.4,21.8,29.8,1033.3,2444.0,1018.3,233.5,504.0,115.4,1120.6,1431.3,203.8,1981.6,1103.9,2438.7,1533.7,1201.1,778.1,563.6,2561.2,728.5,2512.0,1392.7,451.6,2567.3,2451.0,896.1,1112.9,1599.4,1443.0,1058.4,668.3,423.5,343.6,246.7,487.7,595.7,855.7,739.0,80.2,2461.3,2426.1,1150.6,1826.3,288.6,2137.9,2401.7,976.0,663.4,312.8,2155.3,1349.8,127.1,619.2,2182.0,2375.7,670.0,2461.7,949.3,317.8,1912.1,116.3,883.1,1034.0,1239.7,743.8,1041.6,247.8,187.3,2138.4,1085.2,812.7,629.2,1069.9,664.0,1097.6,1049.6,480.5,248.7,0.0,36.9,173.8,1889.3,585.1,557.9,1285.1,1640.7,2462.3
2504.2,972.5,2277.0,1655.3,770.8,794.5,2184.5,2612.4,153.2,1094.5,2441.5,1425.8,56.4,40.4,37.1,1034.8,2476.1,1054.7,248.3,539.2,129.5,1115.6,1452.2,219.5,2016.6,1102.4,2475.3,1556.6,1217.2,801.2,574.9,2595.8,762.8,2547.1,1418.1,458.5,2602.1,2483.7,926.4,1145.0,1622.1,1463.5,1053.7,699.0,457.3,374.4,264.0,517.9,624.2,858.7,774.6,81.9,2494.3,2458.8,1184.8,1857.3,325.4,2168.2,2436.9,999.9,666.5,320.5,2191.4,1378.4,108.7,654.9,2218.8,2408.1,697.0,2494.4,949.0,316.9,1940.7,139.7,900.9,1068.3,1268.5,748.5,1043.3,284.5,222.4,2169.5,1084.5,848.3,642.5,1070.7,683.0,1122.6,1062.5,491.9,243.3,36.9,0.0,170.7,1925.8,586.6,588.3,1316.1,1674.0,2496.5
2581.7,1143.1,2350.8,1724.4,840.8,951.4,2275.0,2669.0,44.9,1264.5,2452.1,1549.8,209.2,194.7,199.2,1205.0,2560.4,1089.5,406.1,607.9,289.1,1285.6,1592.5,376.3,2071.3,1273.1,2495.1,1690.5,1370.2,936.6,736.9,2654.1,835.5,2600.1,1542.8,625.3,2658.4,2563.2,1028.5,1233.3,1756.4,1605.1,1223.8,801.1,543.2,483.8,417.7,626.2,739.4,1028.3,831.3,93.6,2570.9,2537.2,1254.1,1950.3,369.0,2266.1,2488.6,1131.6,836.0,486.5,2226.7,1487.9,82.9,712.1,2231.0,2489.3,818.2,2572.9,1119.6,487.5,2048.8,120.5,1050.7,1137.9,1377.1,917.1,1213.4,315.2,236.2,2261.2,1255.2,902.5,801.5,1241.1,830.4,1249.6,1221.7,653.8,75.1,173.8,170.7,0.0,1951.7,756.7,693.9,1411.6,1749.6,2560.3
902.8,2015.5,701.5,524.0,1182.7,1638.1,854.0,806.6,1985.8,2181.6,541.4,1163.0,1877.2,1889.1,1897.4,1985.3,956.6,871.4,1792.5,1396.2,1848.5,2189.8,1385.3,1800.3,347.2,2090.4,552.1,1299.2,1568.1,1432.7,1733.4,803.8,1194.8,723.1,1172.1,1809.7,795.7,908.3,1163.9,946.6,1315.8,1406.9,2153.5,1322.6,1488.2,1590.5,1769.5,1476.7,1421.0,1901.0,1161.0,1916.0,885.3,878.3,822.7,779.1,1602.4,944.1,615.7,1331.8,1869.0,1822.4,292.2,1007.5,1981.7,1276.8,327.9,872.5,1399.7,905.1,2001.8,1896.7,998.4,1843.0,1538.2,919.9,1032.2,1849.1,1982.1,1649.4,1724.6,862.0,2061.1,1087.6,1686.5,2013.4,1568.3,1251.2,1666.3,1747.2,1989.0,1889.3,1925.8,1951.7,0.0,1888.2,1416.0,901.2,583.3,763.6
2252.2,389.1,2048.1,1481.6,753.3,316.3,1896.7,2432.8,738.2,530.7,2429.5,1046.0,550.6,563.5,558.0,448.3,2200.1,1084.7,372.5,636.7,473.9,551.0,995.5,399.9,1871.1,521.6,2430.6,1123.3,711.6,470.3,156.3,2410.7,738.2,2382.6,1035.8,152.1,2423.6,2225.3,726.9,957.2,1183.0,999.9,488.4,583.1,557.6,476.1,372.9,488.3,489.3,273.0,803.0,664.3,2246.1,2205.3,1066.1,1576.6,639.9,1852.8,2281.2,636.8,83.9,279.3,2105.5,1067.7,690.8,728.9,2211.6,2146.5,491.2,2239.4,365.1,270.1,1595.8,685.3,450.2,970.0,974.9,170.0,456.7,655.7,669.2,1877.9,501.4,861.6,205.8,484.8,323.0,762.7,531.6,176.6,829.9,585.1,586.6,756.7,1888.2,0.0,519.9,1072.4,1473.8,2294.8
1920.5,809.8,1696.3,1082.1,239.9,433.1,1596.4,2046.1,707.6,983.9,1952.1,860.3,532.2,547.9,552.4,829.7,1889.4,573.4,390.3,165.9,475.8,1000.9,929.3,405.4,1456.9,934.3,1967.0,1012.1,764.8,293.3,370.3,2027.8,225.9,1985.3,853.9,406.1,2036.1,1899.0,338.2,559.9,1078.3,945.1,943.6,110.9,162.2,214.3,366.9,70.6,63.6,665.5,283.8,618.0,1911.2,1874.8,619.5,1269.1,353.3,1580.1,1877.3,460.7,536.7,407.1,1658.9,794.5,680.4,216.6,1730.5,1822.8,144.5,1910.2,787.1,481.1,1356.3,574.7,459.9,506.9,683.8,562.9,833.2,404.9,474.4,1581.3,906.1,346.5,362.9,869.4,283.0,566.4,672.6,351.3,760.9,557.9,588.3,693.9,1416.0,519.9,0.0,727.8,1094.5,1923.2
1200.3,1127.9,984.0,418.8,587.0,780.2,868.7,1360.7,1429.8,1287.8,1427.0,329.2,1259.9,1275.6,1280.2,1091.0,1163.6,545.3,1107.4,808.6,1202.3,1294.7,543.0,1126.6,807.1,1193.6,1403.3,515.3,669.9,603.3,930.7,1339.0,588.0,1310.4,333.5,1037.6,1351.4,1176.9,390.8,186.0,563.9,566.7,1262.3,617.1,868.7,941.7,1084.8,798.4,697.8,1025.9,621.0,1341.9,1192.2,1154.0,265.4,541.3,1048.4,854.5,1210.1,452.2,1032.7,1099.3,1063.9,156.2,1405.8,723.5,1226.5,1099.6,638.2,1189.2,1116.5,1166.1,648.3,1291.1,662.5,335.1,131.7,994.1,1086.9,1103.3,1180.3,853.5,1164.7,569.9,867.5,1117.0,754.3,353.6,767.1,971.5,1473.6,1285.1,1316.1,1411.6,901.2,1072.4,727.8,0.0,402.4,1224.8
832.2,1518.6,603.0,73.0,909.0,1182.2,551.2,961.5,1773.3,1671.9,1066.2,591.9,1619.0,1633.9,1639.7,1475.8,815.1,723.7,1483.2,1142.6,1568.9,1677.1,809.1,1499.6,409.7,1574.0,1025.9,716.6,1021.9,1003.9,1330.1,940.8,915.0,908.8,601.9,1432.9,951.9,813.8,771.1,536.7,732.5,829.8,1649.2,985.0,1217.3,1302.7,1460.0,1164.4,1074.7,1423.4,921.5,1689.3,821.5,787.7,496.4,280.7,1380.7,580.1,807.8,852.7,1435.0,1484.8,682.5,456.6,1755.1,1038.6,885.8,740.9,1024.7,823.3,1508.8,1554.2,492.7,1630.1,1062.2,612.0,515.3,1395.8,1470.8,1434.7,1513.7,543.0,1546.2,854.0,1268.6,1498.7,1154.0,745.0,1147.2,1366.9,1804.8,1640.7,1674.0,1749.6,583.3,1473.8,1094.5,402.4,0.0,830.9
209.2,2292.4,258.3,841.8,1726.2,1992.8,492.8,157.4,2587.3,2427.8,749.2,1310.5,2442.3,2456.8,2463.1,2238.0,314.0,1485.7,2312.8,1959.6,2395.5,2429.2,1477.8,2328.5,500.3,2324.9,626.9,1345.7,1755.3,1827.6,2155.4,128.4,1733.8,167.5,1321.9,2261.7,152.4,238.3,1602.0,1367.4,1323.4,1491.2,2411.7,1814.4,2039.2,2128.7,2289.6,1992.6,1905.3,2215.4,1729.5,2506.2,193.7,222.5,1311.7,742.7,2192.7,594.6,188.2,1662.0,2249.9,2315.7,503.9,1235.9,2572.6,1849.3,757.4,272.4,1855.4,222.7,2286.4,2385.0,834.3,2442.7,1865.8,1428.3,1320.9,2202.9,2231.5,2245.5,2324.4,515.0,2300.0,1657.9,2091.1,2254.3,1978.9,1542.8,1911.8,2195.6,2610.5,2462.3,2496.5,2560.3,763.6,2294.8,1923.2,1224.8,830.9,0.0
